-- phpMyAdmin SQL Dump
-- version 4.9.2
-- https://www.phpmyadmin.net/
--
-- Host: 127.0.0.1:3307
-- Generation Time: Jul 03, 2020 at 04:48 AM
-- Server version: 10.4.8-MariaDB
-- PHP Version: 7.3.11

SET SQL_MODE = "NO_AUTO_VALUE_ON_ZERO";
SET AUTOCOMMIT = 0;
START TRANSACTION;
SET time_zone = "+00:00";


/*!40101 SET @OLD_CHARACTER_SET_CLIENT=@@CHARACTER_SET_CLIENT */;
/*!40101 SET @OLD_CHARACTER_SET_RESULTS=@@CHARACTER_SET_RESULTS */;
/*!40101 SET @OLD_COLLATION_CONNECTION=@@COLLATION_CONNECTION */;
/*!40101 SET NAMES utf8mb4 */;

--
-- Database: `db_simasset1`
--

-- --------------------------------------------------------

--
-- Table structure for table `t001_property`
--

CREATE TABLE `t001_property` (
  `id` int(11) NOT NULL,
  `Property` varchar(100) NOT NULL,
  `TemplateFile` varchar(100) NOT NULL,
  `TemplateFile2` varchar(100) NOT NULL
) ENGINE=InnoDB DEFAULT CHARSET=utf8mb4;

--
-- Dumping data for table `t001_property`
--

INSERT INTO `t001_property` (`id`, `Property`, `TemplateFile`, `TemplateFile2`) VALUES
(1, 'Aston Bojonegoro City Hotel', 'ASSET HANDOVER ABCH - FORM Revisi', 'ASSET DISPOSAL ABCH FORM - Revisi'),
(2, 'Favehotel Sudirman Bojonegoro', 'ASSET HANDOVER FSB - FORM Revisi', 'ASSET DISPOSAL FSB FORM - Revisi'),
(3, 'Rumah Dinas General Manager', 'r', 's');

-- --------------------------------------------------------

--
-- Table structure for table `t002_department`
--

CREATE TABLE `t002_department` (
  `id` int(11) NOT NULL,
  `Department` varchar(100) NOT NULL
) ENGINE=InnoDB DEFAULT CHARSET=utf8mb4;

--
-- Dumping data for table `t002_department`
--

INSERT INTO `t002_department` (`id`, `Department`) VALUES
(1, 'A&amp;G'),
(2, 'FO'),
(3, 'HRD'),
(4, 'S&amp;M'),
(5, 'PMC'),
(6, 'FB KITCHEN'),
(7, 'FB SERVICE'),
(8, 'HK');

-- --------------------------------------------------------

--
-- Table structure for table `t003_signature`
--

CREATE TABLE `t003_signature` (
  `id` int(11) NOT NULL,
  `Signature` varchar(100) NOT NULL,
  `JobTitle` varchar(100) NOT NULL
) ENGINE=InnoDB DEFAULT CHARSET=utf8mb4;

--
-- Dumping data for table `t003_signature`
--

INSERT INTO `t003_signature` (`id`, `Signature`, `JobTitle`) VALUES
(1, 'Intan', 'Finance Controller'),
(2, 'Lonike', 'Human Resources Coordinator'),
(3, 'Cyntia', 'Senior Sales Executice'),
(4, 'Ricky', 'Front Office Manager'),
(5, 'Roga', 'Chief Engineer'),
(6, 'Chef Sinyo', 'Senior Sous Chef'),
(7, 'Dias', 'Food &amp; Beverage Manager'),
(8, 'Ulum', 'Executive Housekeeper'),
(9, 'General Manager', 'General Manager'),
(10, 'Owner', 'Owner');

-- --------------------------------------------------------

--
-- Table structure for table `t004_asset`
--

CREATE TABLE `t004_asset` (
  `id` int(11) NOT NULL,
  `property_id` int(11) NOT NULL,
  `group_id` int(11) NOT NULL,
  `type_id` int(11) NOT NULL,
  `Code` varchar(25) NOT NULL,
  `Description` varchar(255) NOT NULL,
  `brand_id` int(11) NOT NULL,
  `signature_id` int(11) NOT NULL,
  `department_id` int(11) NOT NULL,
  `location_id` int(11) NOT NULL,
  `Qty` float(14,2) NOT NULL DEFAULT 0.00,
  `Variance` float(14,2) NOT NULL DEFAULT 0.00,
  `cond_id` int(11) NOT NULL,
  `Remarks` text DEFAULT NULL,
  `ProcurementDate` date NOT NULL,
  `ProcurementCurrentCost` float(17,2) NOT NULL DEFAULT 0.00,
  `PeriodBegin` date NOT NULL,
  `PeriodEnd` date NOT NULL
) ENGINE=InnoDB DEFAULT CHARSET=utf8mb4;

--
-- Dumping data for table `t004_asset`
--

INSERT INTO `t004_asset` (`id`, `property_id`, `group_id`, `type_id`, `Code`, `Description`, `brand_id`, `signature_id`, `department_id`, `location_id`, `Qty`, `Variance`, `cond_id`, `Remarks`, `ProcurementDate`, `ProcurementCurrentCost`, `PeriodBegin`, `PeriodEnd`) VALUES
(1, 1, 2, 3, 'AK101118000001', 'IT - Printer Inkjet', 14, 1, 1, 1, 1.00, 0.00, 1, NULL, '2018-10-01', 1500000.00, '2018-10-31', '2022-09-30'),
(2, 1, 2, 4, 'AK102113000002', 'Table GM', 67, 1, 1, 1, 1.00, 0.00, 1, '', '2013-10-01', 0.00, '0000-00-00', '0000-00-00'),
(3, 1, 2, 4, 'AK102113000003', 'Chair Mgr', 67, 1, 1, 1, 1.00, 0.00, 1, '', '2013-10-01', 0.00, '0000-00-00', '0000-00-00'),
(4, 1, 2, 4, 'AK102113000004', 'Mobile Pedestal', 210, 1, 1, 1, 1.00, 0.00, 1, '', '2013-10-01', 0.00, '0000-00-00', '0000-00-00'),
(5, 1, 2, 4, 'AK102113000005', 'Cup Board Large', 67, 1, 1, 1, 1.00, 0.00, 1, '', '2013-10-01', 0.00, '0000-00-00', '0000-00-00'),
(6, 1, 2, 4, 'AK102113000006', 'Sofa', 67, 1, 1, 1, 1.00, 0.00, 1, '', '2013-10-01', 0.00, '0000-00-00', '0000-00-00'),
(7, 1, 2, 4, 'AK102113000007', 'Coffee Table', 67, 1, 1, 1, 1.00, 0.00, 1, '', '2013-10-01', 0.00, '0000-00-00', '0000-00-00'),
(8, 1, 2, 9, 'AK107113000008', 'Telephone', 205, 1, 1, 1, 1.00, 0.00, 1, '', '2013-10-01', 0.00, '0000-00-00', '0000-00-00'),
(9, 1, 2, 9, 'AK107113000009', 'Watch', 170, 1, 1, 1, 1.00, 0.00, 1, '', '2013-10-01', 0.00, '0000-00-00', '0000-00-00'),
(10, 1, 2, 9, 'AK107113000010', 'Garbage', 97, 1, 1, 1, 1.00, 0.00, 1, '', '2013-10-01', 0.00, '0000-00-00', '0000-00-00'),
(11, 1, 2, 9, 'AK107113000011', 'White Board Large', 163, 1, 1, 1, 1.00, 0.00, 1, '', '2013-10-01', 0.00, '0000-00-00', '0000-00-00'),
(12, 1, 2, 3, 'AK101113000012', 'IT - Notebook', 35, 1, 1, 2, 1.00, 0.00, 1, '', '2013-10-01', 0.00, '0000-00-00', '0000-00-00'),
(13, 1, 2, 4, 'AK102113000013', 'Table GM', 67, 1, 1, 2, 1.00, 0.00, 1, '', '2013-10-01', 0.00, '0000-00-00', '0000-00-00'),
(14, 1, 2, 4, 'AK102113000014', 'Chair GM', 166, 1, 1, 2, 1.00, 0.00, 1, '', '2013-10-01', 0.00, '0000-00-00', '0000-00-00'),
(15, 1, 2, 4, 'AK102113000015', 'Chair Mgr', 67, 1, 1, 2, 2.00, 0.00, 1, '', '2013-10-01', 0.00, '0000-00-00', '0000-00-00'),
(16, 1, 2, 4, 'AK102113000016', 'Mobile Pedestal', 210, 1, 1, 2, 1.00, 0.00, 1, '', '2013-10-01', 0.00, '0000-00-00', '0000-00-00'),
(17, 1, 2, 4, 'AK102113000017', 'Cup Board Large', 67, 1, 1, 2, 1.00, 0.00, 1, '', '2013-10-01', 0.00, '0000-00-00', '0000-00-00'),
(18, 1, 2, 4, 'AK102113000018', 'Cup Board Small', 115, 1, 1, 2, 2.00, 0.00, 1, '', '2013-10-01', 0.00, '0000-00-00', '0000-00-00'),
(19, 1, 2, 9, 'AK107113000019', 'Telephone', 205, 1, 1, 2, 1.00, 0.00, 1, '', '2013-10-01', 0.00, '0000-00-00', '0000-00-00'),
(20, 1, 2, 9, 'AK107113000020', 'Watch', 170, 1, 1, 2, 1.00, 0.00, 1, '', '2013-10-01', 0.00, '0000-00-00', '0000-00-00'),
(21, 1, 2, 9, 'AK107113000021', 'Garbage', 97, 1, 1, 2, 1.00, 0.00, 1, '', '2013-10-01', 0.00, '0000-00-00', '0000-00-00'),
(22, 1, 2, 9, 'AK107113000022', 'White Board Large', 163, 1, 1, 2, 1.00, 0.00, 1, '', '2013-10-01', 0.00, '0000-00-00', '0000-00-00'),
(23, 1, 2, 9, 'AK107113000023', 'White Board Small', 211, 1, 1, 2, 1.00, 0.00, 1, '', '2013-10-01', 0.00, '0000-00-00', '0000-00-00'),
(24, 1, 2, 3, 'AK101113000024', 'IT - Monitor', 68, 1, 1, 3, 1.00, 0.00, 1, '', '2013-10-01', 0.00, '0000-00-00', '0000-00-00'),
(25, 1, 2, 3, 'AK101113000025', 'IT - CPU ', 68, 1, 1, 3, 1.00, 0.00, 1, '', '2013-10-01', 0.00, '0000-00-00', '0000-00-00'),
(26, 1, 2, 3, 'AK101113000026', 'IT - Printer Inkjet', 68, 1, 1, 3, 1.00, 0.00, 1, '', '2013-10-01', 0.00, '0000-00-00', '0000-00-00'),
(27, 1, 2, 3, 'AK101113000027', 'IT - Meraki Switch', 117, 1, 1, 3, 1.00, 0.00, 1, '', '2013-10-01', 0.00, '0000-00-00', '0000-00-00'),
(28, 1, 2, 4, 'AK102113000028', 'Table Mgr', 133, 1, 1, 3, 1.00, 0.00, 1, '', '2013-10-01', 0.00, '0000-00-00', '0000-00-00'),
(29, 1, 2, 4, 'AK102113000029', 'Chair Staff', 67, 1, 1, 3, 1.00, 0.00, 1, '', '2013-10-01', 0.00, '0000-00-00', '0000-00-00'),
(30, 1, 2, 4, 'AK102113000030', 'Filling Cabinet Large', 13, 1, 1, 3, 1.00, 0.00, 1, '', '2013-10-01', 0.00, '0000-00-00', '0000-00-00'),
(31, 1, 2, 4, 'AK102113000031', 'Cup Board Small', 115, 1, 1, 3, 1.00, 0.00, 1, '', '2013-10-01', 0.00, '0000-00-00', '0000-00-00'),
(32, 1, 2, 9, 'AK107113000032', 'Telephone', 205, 1, 1, 3, 1.00, 0.00, 1, '', '2013-10-01', 0.00, '0000-00-00', '0000-00-00'),
(33, 1, 2, 9, 'AK107113000033', 'Garbage', 23, 1, 1, 3, 1.00, 0.00, 1, '', '2013-10-01', 0.00, '0000-00-00', '0000-00-00'),
(34, 1, 2, 9, 'AK107113000034', 'White Board Small', 211, 1, 1, 3, 1.00, 0.00, 1, '', '2013-10-01', 0.00, '0000-00-00', '0000-00-00'),
(35, 1, 2, 9, 'AK107113000035', 'Key Box', 97, 1, 1, 3, 1.00, 0.00, 1, '', '2013-10-01', 0.00, '0000-00-00', '0000-00-00'),
(36, 1, 2, 3, 'AK101113000036', 'IT - Monitor', 68, 1, 1, 4, 6.00, 0.00, 1, '', '2013-10-01', 0.00, '0000-00-00', '0000-00-00'),
(37, 1, 2, 3, 'AK101113000037', 'IT - CPU ', 68, 1, 1, 4, 4.00, 0.00, 1, '', '2013-10-01', 0.00, '0000-00-00', '0000-00-00'),
(38, 1, 2, 3, 'AK101113000038', 'IT - UPS', 6, 1, 1, 4, 4.00, 0.00, 1, '', '2013-10-01', 0.00, '0000-00-00', '0000-00-00'),
(39, 1, 2, 3, 'AK101113000039', 'IT - Printer Multifunction', 76, 1, 1, 4, 1.00, 0.00, 1, '', '2013-10-01', 0.00, '0000-00-00', '0000-00-00'),
(40, 1, 2, 3, 'AK101113000040', 'IT - Notebook', 35, 1, 1, 4, 1.00, 0.00, 1, '', '2013-10-01', 0.00, '0000-00-00', '0000-00-00'),
(41, 1, 2, 3, 'AK101113000041', 'IT - Printer DeskJet', 68, 1, 1, 4, 1.00, 0.00, 1, '', '2013-10-01', 0.00, '0000-00-00', '0000-00-00'),
(42, 1, 2, 4, 'AK102113000042', 'Table Mgr', 133, 1, 1, 4, 2.00, 0.00, 1, '', '2013-10-01', 0.00, '0000-00-00', '0000-00-00'),
(43, 1, 2, 4, 'AK102113000043', 'Chair GM', 133, 1, 1, 4, 1.00, 0.00, 1, '', '2013-10-01', 0.00, '0000-00-00', '0000-00-00'),
(44, 1, 2, 4, 'AK102113000044', 'Chair Staff', 133, 1, 1, 4, 4.00, 0.00, 1, '', '2013-10-01', 0.00, '0000-00-00', '0000-00-00'),
(45, 1, 2, 4, 'AK102113000045', 'Filling Cabinet Large', 13, 1, 1, 4, 6.00, 0.00, 1, '', '2013-10-01', 0.00, '0000-00-00', '0000-00-00'),
(46, 1, 2, 4, 'AK102113000046', 'Cup Board Small', 133, 1, 1, 4, 3.00, 0.00, 1, '', '2013-10-01', 0.00, '0000-00-00', '0000-00-00'),
(47, 1, 2, 4, 'AK102113000047', 'Cup Board Small', 133, 1, 1, 4, 1.00, 0.00, 1, '', '2013-10-01', 0.00, '0000-00-00', '0000-00-00'),
(48, 1, 2, 9, 'AK107113000048', 'Safe Deposit Box', 10, 1, 1, 4, 1.00, 0.00, 1, '', '2013-10-01', 0.00, '0000-00-00', '0000-00-00'),
(49, 1, 2, 4, 'AK102113000049', 'Work Station 4 Set ', 133, 1, 1, 4, 1.00, 0.00, 1, '', '2013-10-01', 0.00, '0000-00-00', '0000-00-00'),
(50, 1, 2, 4, 'AK102113000050', 'Work Station 2 Set', 133, 1, 1, 4, 1.00, 0.00, 1, '', '2013-10-01', 0.00, '0000-00-00', '0000-00-00'),
(51, 1, 2, 5, 'AK103113000051', 'Paper Shredder Machine', 78, 1, 1, 4, 1.00, 0.00, 1, '', '2013-10-01', 0.00, '0000-00-00', '0000-00-00'),
(52, 1, 2, 9, 'AK107113000052', 'Telephone', 205, 1, 1, 4, 6.00, 0.00, 1, '', '2013-10-01', 0.00, '0000-00-00', '0000-00-00'),
(53, 1, 2, 5, 'AK103113000053', 'Paper Cutting Machine', 212, 1, 1, 4, 1.00, 0.00, 1, '', '2013-10-01', 0.00, '0000-00-00', '0000-00-00'),
(54, 1, 2, 9, 'AK107113000054', 'Watch', 170, 1, 1, 4, 1.00, 0.00, 1, '', '2013-10-01', 0.00, '0000-00-00', '0000-00-00'),
(55, 1, 2, 9, 'AK107113000055', 'Garbage', 97, 1, 1, 4, 1.00, 0.00, 1, '', '2013-10-01', 0.00, '0000-00-00', '0000-00-00'),
(56, 1, 2, 5, 'AK103113000056', 'Binding Machine', 97, 1, 1, 4, 1.00, 0.00, 1, '', '2013-10-01', 0.00, '0000-00-00', '0000-00-00'),
(57, 1, 2, 9, 'AK107113000057', 'Container Plastik  150-200 L', 1, 1, 1, 4, 3.00, 0.00, 1, '', '2013-10-01', 0.00, '0000-00-00', '0000-00-00'),
(58, 1, 2, 9, 'AK107113000058', 'Rack File Biru', 130, 1, 1, 4, 4.00, 0.00, 1, '', '2013-10-01', 0.00, '0000-00-00', '0000-00-00'),
(59, 1, 2, 3, 'AK101113000059', 'IT - CPU ', 68, 1, 1, 5, 4.00, 0.00, 1, '', '2013-10-01', 0.00, '0000-00-00', '0000-00-00'),
(60, 1, 2, 3, 'AK101113000060', 'IT - UPS', 6, 1, 1, 5, 1.00, 0.00, 1, '', '2013-10-01', 0.00, '0000-00-00', '0000-00-00'),
(61, 1, 2, 3, 'AK101113000061', 'IT - UPS ', 152, 1, 1, 5, 1.00, 0.00, 1, '', '2013-10-01', 0.00, '0000-00-00', '0000-00-00'),
(62, 1, 2, 4, 'AK102113000062', 'Table Mgr', 133, 1, 1, 5, 4.00, 0.00, 1, '', '2013-10-01', 0.00, '0000-00-00', '0000-00-00'),
(63, 1, 2, 4, 'AK102113000063', 'Chair Staff', 133, 1, 1, 5, 3.00, 0.00, 1, '', '2013-10-01', 0.00, '0000-00-00', '0000-00-00'),
(64, 1, 2, 4, 'AK102113000064', 'Filling Cabinet Large', 13, 1, 1, 5, 1.00, 0.00, 1, '', '2013-10-01', 0.00, '0000-00-00', '0000-00-00'),
(65, 1, 2, 4, 'AK102113000065', 'Mobile Pedestal', 133, 1, 1, 5, 1.00, 0.00, 1, '', '2013-10-01', 0.00, '0000-00-00', '0000-00-00'),
(66, 1, 2, 4, 'AK102113000066', 'Rack Besi Hitam', 133, 1, 1, 5, 4.00, 0.00, 1, '', '2013-10-01', 0.00, '0000-00-00', '0000-00-00'),
(67, 1, 2, 9, 'AK107113000067', 'Telephone', 205, 1, 1, 5, 2.00, 0.00, 1, '', '2013-10-01', 0.00, '0000-00-00', '0000-00-00'),
(68, 1, 2, 9, 'AK107113000068', 'Garbage', 133, 1, 1, 5, 2.00, 0.00, 1, '', '2013-10-01', 0.00, '0000-00-00', '0000-00-00'),
(69, 1, 2, 9, 'AK107113000069', 'White Board', 220, 1, 1, 5, 1.00, 0.00, 1, '', '2013-10-01', 0.00, '0000-00-00', '0000-00-00'),
(70, 1, 2, 3, 'AK101113000070', 'IT - Monitor', 68, 1, 1, 6, 2.00, 0.00, 1, '', '2013-10-01', 0.00, '0000-00-00', '0000-00-00'),
(71, 1, 2, 3, 'AK101113000071', 'IT - UPS', 6, 1, 1, 6, 1.00, 0.00, 1, 'Need to be repaired', '2013-10-01', 0.00, '0000-00-00', '0000-00-00'),
(72, 1, 2, 3, 'AK101113000072', 'IT - Notebook', 68, 1, 1, 6, 1.00, 0.00, 1, '', '2013-10-01', 0.00, '0000-00-00', '0000-00-00'),
(73, 1, 2, 3, 'AK101113000073', 'IT - Antena Wifi', 133, 1, 1, 6, 57.00, 0.00, 1, '', '2013-10-01', 0.00, '0000-00-00', '0000-00-00'),
(74, 1, 2, 3, 'AK101113000074', 'IT - UPS ', 152, 1, 1, 6, 3.00, 0.00, 1, '', '2013-10-01', 0.00, '0000-00-00', '0000-00-00'),
(75, 1, 2, 3, 'AK101113000075', 'IT - Monitor', 68, 1, 1, 6, 1.00, 0.00, 1, 'Pembelian Baru', '2013-10-01', 0.00, '0000-00-00', '0000-00-00'),
(76, 1, 2, 4, 'AK102113000076', 'Table Mgr', 133, 1, 1, 6, 1.00, 0.00, 1, '', '2013-10-01', 0.00, '0000-00-00', '0000-00-00'),
(77, 1, 2, 9, 'AK107113000077', 'Telephone', 205, 1, 1, 6, 3.00, 0.00, 1, '', '2013-10-01', 0.00, '0000-00-00', '0000-00-00'),
(78, 1, 2, 9, 'AK107113000078', 'Telepon IP', 218, 1, 1, 6, 2.00, 0.00, 1, '', '2013-10-01', 0.00, '0000-00-00', '0000-00-00'),
(79, 1, 2, 9, 'AK107113000079', 'Video phone ', 219, 1, 1, 6, 1.00, 0.00, 1, '', '2013-10-01', 0.00, '0000-00-00', '0000-00-00'),
(80, 1, 2, 3, 'AK101113000080', 'IT - Drobo NAS', 125, 1, 1, 7, 1.00, 0.00, 1, '', '2013-10-01', 0.00, '0000-00-00', '0000-00-00'),
(81, 1, 2, 4, 'AK102113000081', 'Rack Putih', 97, 1, 1, 8, 7.00, 0.00, 1, '', '2013-10-01', 0.00, '0000-00-00', '0000-00-00'),
(82, 1, 2, 4, 'AK102113000082', 'Rack Rakit Sendiri', 133, 1, 1, 8, 2.00, 0.00, 1, '', '2013-10-01', 0.00, '0000-00-00', '0000-00-00'),
(83, 1, 2, 9, 'AK107113000083', 'Pallet Biru', 97, 1, 1, 8, 2.00, 0.00, 1, '', '2013-10-01', 0.00, '0000-00-00', '0000-00-00'),
(84, 1, 2, 9, 'AK107113000084', 'Pallet Hitam', 133, 1, 1, 8, 2.00, 0.00, 1, '', '2013-10-01', 0.00, '0000-00-00', '0000-00-00'),
(85, 1, 2, 9, 'AK107113000085', 'White Board Small', 133, 1, 1, 8, 1.00, 0.00, 1, '', '2013-10-01', 0.00, '0000-00-00', '0000-00-00'),
(86, 1, 2, 9, 'AK107113000086', 'Trolley L', 133, 1, 1, 8, 1.00, 0.00, 1, '', '2013-10-01', 0.00, '0000-00-00', '0000-00-00'),
(87, 1, 2, 9, 'AK107113000087', 'Rak Galon', 133, 1, 1, 8, 2.00, 0.00, 1, '', '2013-10-01', 0.00, '0000-00-00', '0000-00-00'),
(88, 1, 2, 4, 'AK102113000088', 'Rack Besi Hitam', 133, 1, 1, 9, 12.00, 0.00, 1, '', '2013-10-01', 0.00, '0000-00-00', '0000-00-00'),
(89, 1, 2, 4, 'AK102113000089', 'Rack Besi Hitam', 133, 1, 1, 10, 20.00, 0.00, 1, '', '2013-10-01', 0.00, '0000-00-00', '0000-00-00'),
(90, 1, 2, 4, 'AK102113000090', 'Table Meeting', 133, 1, 1, 11, 2.00, 0.00, 1, '', '2013-10-01', 0.00, '0000-00-00', '0000-00-00'),
(91, 1, 2, 4, 'AK102113000091', 'Table', 133, 1, 1, 11, 4.00, 0.00, 1, '', '2013-10-01', 0.00, '0000-00-00', '0000-00-00'),
(92, 1, 2, 4, 'AK102113000092', 'Chair Staff', 133, 1, 1, 11, 13.00, 0.00, 1, '', '2013-10-01', 0.00, '0000-00-00', '0000-00-00'),
(93, 1, 2, 5, 'AK103113000093', 'LCD Proyektor', 143, 1, 1, 11, 1.00, 0.00, 1, '', '2013-10-01', 0.00, '0000-00-00', '0000-00-00'),
(94, 1, 2, 9, 'AK107113000094', 'White Board', 220, 1, 1, 11, 1.00, 0.00, 1, '', '2013-10-01', 0.00, '0000-00-00', '0000-00-00'),
(95, 1, 2, 9, 'AK107113000095', 'Watch', 170, 1, 1, 11, 1.00, 0.00, 1, '', '2013-10-01', 0.00, '0000-00-00', '0000-00-00'),
(96, 1, 2, 9, 'AK107113000096', 'Telephone Conference', 143, 1, 1, 11, 1.00, 0.00, 1, '', '2013-10-01', 0.00, '0000-00-00', '0000-00-00'),
(97, 1, 2, 9, 'AK107113000097', 'Screen', 133, 1, 1, 11, 0.00, 0.00, 2, '', '2013-10-01', 0.00, '0000-00-00', '0000-00-00'),
(98, 1, 2, 9, 'AK107113000098', 'Flip Chart', 173, 1, 1, 11, 1.00, 0.00, 1, '', '2013-10-01', 0.00, '0000-00-00', '0000-00-00'),
(99, 1, 2, 4, 'AK102113000099', 'Rack Besi Hitam', 133, 1, 1, 12, 1.00, 0.00, 1, '', '2013-10-01', 0.00, '0000-00-00', '0000-00-00'),
(100, 1, 2, 3, 'AK101113000100', 'IT - Meraki Router', 116, 1, 1, 13, 1.00, 0.00, 1, '', '2013-10-01', 0.00, '0000-00-00', '0000-00-00'),
(101, 1, 2, 3, 'AK101113000101', 'IT - Meraki Switch', 117, 1, 1, 13, 1.00, 0.00, 1, '', '2013-10-01', 0.00, '0000-00-00', '0000-00-00'),
(102, 1, 2, 3, 'AK101113000102', 'IT - Meraki Switch', 117, 1, 1, 13, 1.00, 0.00, 1, '', '2013-10-01', 0.00, '0000-00-00', '0000-00-00'),
(103, 1, 2, 3, 'AK101113000103', 'IT - Meraki Switch', 117, 1, 1, 13, 1.00, 0.00, 1, '', '2013-10-01', 0.00, '0000-00-00', '0000-00-00'),
(104, 1, 2, 3, 'AK101113000104', 'IT - Meraki Switch', 117, 1, 1, 13, 1.00, 0.00, 1, '', '2013-10-01', 0.00, '0000-00-00', '0000-00-00'),
(105, 1, 2, 3, 'AK101113000105', 'IT - UPS ', 81, 1, 1, 13, 1.00, 0.00, 1, '', '2013-10-01', 0.00, '0000-00-00', '0000-00-00'),
(106, 1, 2, 3, 'AK101113000106', 'IT - UPS ', 81, 1, 1, 13, 1.00, 0.00, 1, '', '2013-10-01', 0.00, '0000-00-00', '0000-00-00'),
(107, 1, 2, 3, 'AK101113000107', 'IT - UPS ', 152, 1, 1, 13, 3.00, 0.00, 1, '', '2013-10-01', 0.00, '0000-00-00', '0000-00-00'),
(108, 1, 2, 3, 'AK101113000108', 'IT - UPS ', 152, 1, 1, 13, 3.00, 0.00, 1, '', '2013-10-01', 0.00, '0000-00-00', '0000-00-00'),
(109, 1, 2, 3, 'AK101113000109', 'IT - Baterai APC ', 7, 1, 1, 13, 1.00, 0.00, 1, '', '2013-10-01', 0.00, '0000-00-00', '0000-00-00'),
(110, 1, 2, 3, 'AK101113000110', 'IT - Baterai APC ', 7, 1, 1, 13, 1.00, 0.00, 1, '', '2013-10-01', 0.00, '0000-00-00', '0000-00-00'),
(111, 1, 2, 3, 'AK101113000111', 'IT - Baterai APC ', 7, 1, 1, 13, 1.00, 0.00, 1, '', '2013-10-01', 0.00, '0000-00-00', '0000-00-00'),
(112, 1, 2, 3, 'AK101113000112', 'IT - Baterai APC ', 7, 1, 1, 13, 1.00, 0.00, 1, '', '2013-10-01', 0.00, '0000-00-00', '0000-00-00'),
(113, 1, 2, 3, 'AK101113000113', 'IT - Meraki Router', 116, 1, 1, 13, 1.00, 0.00, 1, '', '2013-10-01', 0.00, '0000-00-00', '0000-00-00'),
(114, 1, 2, 4, 'AK102113000114', 'Rack Rakit Putih', 133, 1, 1, 13, 2.00, 0.00, 1, '', '2013-10-01', 0.00, '0000-00-00', '0000-00-00'),
(115, 1, 2, 4, 'AK102113000115', 'Rack File Biru', 130, 1, 1, 13, 6.00, 0.00, 1, '', '2013-10-01', 0.00, '0000-00-00', '0000-00-00'),
(116, 1, 2, 9, 'AK107113000116', 'Safe Deposit Box', 10, 1, 1, 13, 1.00, 0.00, 1, '', '2013-10-01', 0.00, '0000-00-00', '0000-00-00'),
(117, 1, 2, 9, 'AK107113000117', 'Safe Deposit Box', 10, 1, 1, 13, 1.00, 0.00, 1, '', '2013-10-01', 0.00, '0000-00-00', '0000-00-00'),
(118, 1, 2, 9, 'AK107113000118', 'Container Plastik  150-200 L', 1, 1, 1, 13, 3.00, 0.00, 1, '', '2013-10-01', 0.00, '0000-00-00', '0000-00-00'),
(119, 1, 2, 3, 'AK101113000119', 'IT - Notebook', 68, 1, 1, 2, 0.00, 0.00, 2, 'Handover to HO', '2013-10-01', 0.00, '0000-00-00', '0000-00-00'),
(120, 1, 2, 3, 'AK101113000120', 'IT - Printer', 42, 1, 1, 8, 1.00, 0.00, 2, 'Handover to PMC (GOOD)', '2013-10-01', 0.00, '0000-00-00', '0000-00-00'),
(121, 1, 2, 3, 'AK101113000121', 'IT - Monitor', 68, 2, 3, 14, 2.00, 0.00, 1, 'Pemb FFNE2019', '2013-10-01', 0.00, '0000-00-00', '0000-00-00'),
(122, 1, 2, 3, 'AK101113000122', 'IT - CPU ', 68, 2, 3, 14, 2.00, 0.00, 1, '', '2013-10-01', 0.00, '0000-00-00', '0000-00-00'),
(123, 1, 2, 3, 'AK101113000123', 'IT - Printer Laser', 14, 2, 3, 14, 1.00, 0.00, 1, '', '2013-10-01', 0.00, '0000-00-00', '0000-00-00'),
(124, 1, 2, 3, 'AK101113000124', 'IT - Notebook ', 68, 2, 3, 14, 2.00, 0.00, 1, '', '2013-10-01', 0.00, '0000-00-00', '0000-00-00'),
(125, 1, 2, 4, 'AK102113000125', 'Work Station 2 Set', 133, 2, 3, 14, 1.00, 0.00, 1, '', '2013-10-01', 0.00, '0000-00-00', '0000-00-00'),
(126, 1, 2, 4, 'AK102113000126', 'Table Mgr', 137, 2, 3, 14, 2.00, 0.00, 1, '', '2013-10-01', 0.00, '0000-00-00', '0000-00-00'),
(127, 1, 2, 4, 'AK102113000127', 'Chair Mgr', 110, 2, 3, 14, 1.00, 0.00, 1, '', '2013-10-01', 0.00, '0000-00-00', '0000-00-00'),
(128, 1, 2, 4, 'AK102113000128', 'Chair Staff', 67, 2, 3, 14, 2.00, 0.00, 1, '', '2013-10-01', 0.00, '0000-00-00', '0000-00-00'),
(129, 1, 2, 4, 'AK102113000129', 'Filling Cabinet Large', 13, 2, 3, 14, 2.00, 0.00, 1, '', '2013-10-01', 0.00, '0000-00-00', '0000-00-00'),
(130, 1, 2, 4, 'AK102113000130', 'Cup Board Large', 45, 2, 3, 14, 2.00, 0.00, 1, '', '2013-10-01', 0.00, '0000-00-00', '0000-00-00'),
(131, 1, 2, 9, 'AK107113000131', 'Telephone', 143, 2, 3, 14, 7.00, 0.00, 1, '', '2013-10-01', 0.00, '0000-00-00', '0000-00-00'),
(132, 1, 2, 9, 'AK107113000132', 'Garbage', 105, 2, 3, 14, 1.00, 0.00, 1, '', '2013-10-01', 0.00, '0000-00-00', '0000-00-00'),
(133, 1, 2, 9, 'AK107113000133', 'Key Box', 97, 2, 3, 14, 2.00, 0.00, 1, '', '2013-10-01', 0.00, '0000-00-00', '0000-00-00'),
(134, 1, 2, 9, 'AK107113000134', 'Cabinet ERT ', 133, 2, 3, 14, 1.00, 0.00, 1, 'added in 2019', '2013-10-01', 0.00, '0000-00-00', '0000-00-00'),
(135, 1, 2, 9, 'AK107113000135', 'Apparatus ', 79, 2, 3, 14, 1.00, 0.00, 1, 'added in 2019', '2013-10-01', 0.00, '0000-00-00', '0000-00-00'),
(136, 1, 2, 9, 'AK107113000136', 'Tandu', 53, 2, 3, 14, 1.00, 0.00, 1, 'added in 2019', '2013-10-01', 0.00, '0000-00-00', '0000-00-00'),
(137, 1, 2, 9, 'AK107113000137', 'Baju Damkar Merah ', 134, 2, 3, 14, 2.00, 0.00, 1, 'added in 2019', '2013-10-01', 0.00, '0000-00-00', '0000-00-00'),
(138, 1, 2, 9, 'AK107113000138', 'Baju Fire Aluminium', 133, 2, 3, 14, 1.00, 0.00, 1, 'added in 2019', '2013-10-01', 0.00, '0000-00-00', '0000-00-00'),
(139, 1, 2, 9, 'AK107113000139', 'Helm Damkar', 133, 2, 3, 14, 2.00, 0.00, 1, 'added in 2019', '2013-10-01', 0.00, '0000-00-00', '0000-00-00'),
(140, 1, 2, 9, 'AK107113000140', 'Sepatu damkar ', 133, 2, 3, 14, 2.00, 0.00, 1, 'added in 2019', '2013-10-01', 0.00, '0000-00-00', '0000-00-00'),
(141, 1, 2, 9, 'AK107113000141', 'Sarung Tangan ', 133, 2, 3, 14, 2.00, 0.00, 1, 'added in 2019', '2013-10-01', 0.00, '0000-00-00', '0000-00-00'),
(142, 1, 2, 9, 'AK107113000142', 'Manual Resuscitator', 133, 2, 3, 14, 2.00, 0.00, 1, 'added in 2019', '2013-10-01', 0.00, '0000-00-00', '0000-00-00'),
(143, 1, 2, 9, 'AK107113000143', 'Fire Blanket', 133, 2, 3, 14, 1.00, 0.00, 1, 'added in 2019', '2013-10-01', 0.00, '0000-00-00', '0000-00-00'),
(144, 1, 2, 9, 'AK107113000144', 'Tas Fire Brigade', 133, 2, 3, 14, 1.00, 0.00, 1, 'added in 2019', '2013-10-01', 0.00, '0000-00-00', '0000-00-00'),
(145, 1, 2, 9, 'AK107113000145', 'Kampak', 133, 2, 3, 14, 1.00, 0.00, 1, 'added in 2019', '2013-10-01', 0.00, '0000-00-00', '0000-00-00'),
(146, 1, 2, 9, 'AK107113000146', 'Linggis', 133, 2, 3, 14, 1.00, 0.00, 1, 'added in 2019', '2013-10-01', 0.00, '0000-00-00', '0000-00-00'),
(147, 1, 2, 9, 'AK107113000147', 'Springkler', 133, 2, 3, 14, 3.00, 0.00, 1, 'added in 2019', '2013-10-01', 0.00, '0000-00-00', '0000-00-00'),
(148, 1, 2, 9, 'AK107113000148', 'Sheet', 133, 2, 3, 14, 1.00, 0.00, 1, 'added in 2019', '2013-10-01', 0.00, '0000-00-00', '0000-00-00'),
(149, 1, 2, 9, 'AK107113000149', 'Gade Metal Detector', 51, 2, 3, 14, 2.00, 0.00, 1, 'added in 2019', '2013-10-01', 0.00, '0000-00-00', '0000-00-00'),
(150, 1, 2, 9, 'AK107113000150', 'Garret', 51, 2, 3, 14, 2.00, 0.00, 1, 'added in 2019', '2013-10-01', 0.00, '0000-00-00', '0000-00-00'),
(151, 1, 2, 9, 'AK107113000151', 'ERT Frame', 133, 2, 3, 14, 1.00, 0.00, 1, 'added in 2019', '2013-10-01', 0.00, '0000-00-00', '0000-00-00'),
(152, 1, 2, 9, 'AK107113000152', 'Absen Fingerprint', 87, 2, 3, 14, 1.00, 0.00, 1, 'added in 2019', '2013-10-01', 0.00, '0000-00-00', '0000-00-00'),
(153, 1, 2, 9, 'AK107113000153', 'Absen Manual', 5, 2, 3, 14, 1.00, 0.00, 1, 'added in 2019', '2013-10-01', 0.00, '0000-00-00', '0000-00-00'),
(154, 1, 2, 9, 'AK107113000154', 'Kotak Saran', 133, 2, 3, 14, 1.00, 0.00, 1, 'added in 2019', '2013-10-01', 0.00, '0000-00-00', '0000-00-00'),
(155, 1, 2, 9, 'AK107113000155', 'Powder - Fire Extinguisher', 216, 2, 3, 15, 1.00, 0.00, 1, 'Semi Basement', '2013-10-01', 0.00, '0000-00-00', '0000-00-00'),
(156, 1, 2, 9, 'AK107113000156', 'Powder - Fire Extinguisher', 216, 2, 3, 16, 1.00, 0.00, 1, 'Semi Basement', '2013-10-01', 0.00, '0000-00-00', '0000-00-00'),
(157, 1, 2, 9, 'AK107113000157', 'Powder - Fire Extinguisher', 216, 2, 3, 17, 1.00, 0.00, 1, 'Semi Basement', '2013-10-01', 0.00, '0000-00-00', '0000-00-00'),
(158, 1, 2, 9, 'AK107113000158', 'Powder - Fire Extinguisher', 216, 2, 3, 18, 1.00, 0.00, 1, 'Semi Basement', '2013-10-01', 0.00, '0000-00-00', '0000-00-00'),
(159, 1, 2, 9, 'AK107113000159', 'Powder - Fire Extinguisher', 216, 2, 3, 19, 1.00, 0.00, 1, 'Semi Basement', '2013-10-01', 0.00, '0000-00-00', '0000-00-00'),
(160, 1, 2, 9, 'AK107113000160', 'Powder - Fire Extinguisher', 216, 2, 3, 20, 1.00, 0.00, 1, 'Semi Basement', '2013-10-01', 0.00, '0000-00-00', '0000-00-00'),
(161, 1, 2, 9, 'AK107113000161', 'Powder - Fire Extinguisher', 216, 2, 3, 21, 1.00, 0.00, 1, 'Semi Basement', '2013-10-01', 0.00, '0000-00-00', '0000-00-00'),
(162, 1, 2, 9, 'AK107113000162', 'Powder - Fire Extinguisher', 216, 2, 3, 22, 1.00, 0.00, 1, 'Semi Basement', '2013-10-01', 0.00, '0000-00-00', '0000-00-00'),
(163, 1, 2, 9, 'AK107113000163', 'CO2 - Fire Extinguisher', 216, 2, 3, 23, 1.00, 0.00, 1, 'Semi Basement, Refil to HO', '2013-10-01', 0.00, '0000-00-00', '0000-00-00'),
(164, 1, 2, 9, 'AK107113000164', 'CO2 - Fire Extinguisher', 216, 2, 3, 24, 1.00, 0.00, 1, 'Semi Basement', '2013-10-01', 0.00, '0000-00-00', '0000-00-00'),
(165, 1, 2, 9, 'AK107113000165', 'CO2 - Fire Extinguisher', 216, 2, 3, 25, 1.00, 0.00, 1, 'Semi Basement', '2013-10-01', 0.00, '0000-00-00', '0000-00-00'),
(166, 1, 2, 9, 'AK107113000166', 'Powder - Fire Extinguisher', 216, 2, 3, 26, 1.00, 0.00, 1, '1st Floor', '2013-10-01', 0.00, '0000-00-00', '0000-00-00'),
(167, 1, 2, 9, 'AK107113000167', 'Powder - Fire Extinguisher', 216, 2, 3, 27, 1.00, 0.00, 1, '1st Floor', '2013-10-01', 0.00, '0000-00-00', '0000-00-00'),
(168, 1, 2, 9, 'AK107113000168', 'Powder - Fire Extinguisher', 216, 2, 3, 28, 1.00, 0.00, 1, '1st Floor', '2013-10-01', 0.00, '0000-00-00', '0000-00-00'),
(169, 1, 2, 9, 'AK107113000169', 'Powder - Fire Extinguisher', 216, 2, 3, 29, 1.00, 0.00, 1, '1st Floor', '2013-10-01', 0.00, '0000-00-00', '0000-00-00'),
(170, 1, 2, 9, 'AK107113000170', 'Powder - Fire Extinguisher', 216, 2, 3, 30, 1.00, 0.00, 1, '1st Floor', '2013-10-01', 0.00, '0000-00-00', '0000-00-00'),
(171, 1, 2, 9, 'AK107113000171', 'Powder - Fire Extinguisher', 216, 2, 3, 31, 1.00, 0.00, 1, '1st Floor', '2013-10-01', 0.00, '0000-00-00', '0000-00-00'),
(172, 1, 2, 9, 'AK107113000172', 'CO2 - Fire Extinguisher', 216, 2, 3, 32, 1.00, 0.00, 1, '1st Floor', '2013-10-01', 0.00, '0000-00-00', '0000-00-00'),
(173, 1, 2, 9, 'AK107113000173', 'Powder - Fire Extinguisher', 216, 2, 3, 33, 1.00, 0.00, 1, '1st Floor', '2013-10-01', 0.00, '0000-00-00', '0000-00-00'),
(174, 1, 2, 9, 'AK107113000174', 'K - Fire Extinguisher', 216, 2, 3, 34, 1.00, 0.00, 1, '1st Floor', '2013-10-01', 0.00, '0000-00-00', '0000-00-00'),
(175, 1, 2, 9, 'AK107113000175', 'Powder - Fire Extinguisher', 133, 2, 3, 35, 1.00, 0.00, 1, '1st Floor', '2013-10-01', 0.00, '0000-00-00', '0000-00-00'),
(176, 1, 2, 9, 'AK107113000176', 'K - Fire Extinguisher', 216, 2, 3, 36, 1.00, 0.00, 1, '1st Floor', '2013-10-01', 0.00, '0000-00-00', '0000-00-00'),
(177, 1, 2, 9, 'AK107113000177', 'Powder - Fire Extinguisher', 133, 2, 3, 37, 1.00, 0.00, 1, '1st Floor', '2013-10-01', 0.00, '0000-00-00', '0000-00-00'),
(178, 1, 2, 9, 'AK107113000178', 'Powder - Fire Extinguisher', 133, 2, 3, 38, 1.00, 0.00, 1, '1st Floor', '2013-10-01', 0.00, '0000-00-00', '0000-00-00'),
(179, 1, 2, 9, 'AK107113000179', 'Powder - Fire Extinguisher', 133, 2, 3, 39, 1.00, 0.00, 1, '1st Floor', '2013-10-01', 0.00, '0000-00-00', '0000-00-00'),
(180, 1, 2, 9, 'AK107113000180', 'Powder - Fire Extinguisher', 133, 2, 3, 40, 1.00, 0.00, 1, '1st Floor', '2013-10-01', 0.00, '0000-00-00', '0000-00-00'),
(181, 1, 2, 9, 'AK107113000181', 'Powder - Fire Extinguisher', 133, 2, 3, 40, 1.00, 0.00, 1, '1st Floor, Refil to HO', '2013-10-01', 0.00, '0000-00-00', '0000-00-00'),
(182, 1, 2, 9, 'AK107113000182', 'Powder - Fire Extinguisher', 133, 2, 3, 40, 1.00, 0.00, 1, '1st Floor, Refil to HO', '2013-10-01', 0.00, '0000-00-00', '0000-00-00'),
(183, 1, 2, 9, 'AK107113000183', 'Powder - Fire Extinguisher', 133, 2, 3, 41, 1.00, 0.00, 1, '2nd Floor', '2013-10-01', 0.00, '0000-00-00', '0000-00-00'),
(184, 1, 2, 9, 'AK107113000184', 'Powder - Fire Extinguisher', 133, 2, 3, 42, 1.00, 0.00, 1, '2nd Floor', '2013-10-01', 0.00, '0000-00-00', '0000-00-00'),
(185, 1, 2, 9, 'AK107113000185', 'Powder - Fire Extinguisher', 133, 2, 3, 43, 1.00, 0.00, 1, '2nd Floor', '2013-10-01', 0.00, '0000-00-00', '0000-00-00'),
(186, 1, 2, 9, 'AK107113000186', 'Powder - Fire Extinguisher', 133, 2, 3, 44, 1.00, 0.00, 1, '2nd Floor', '2013-10-01', 0.00, '0000-00-00', '0000-00-00'),
(187, 1, 2, 9, 'AK107113000187', 'Powder - Fire Extinguisher', 133, 2, 3, 45, 1.00, 0.00, 1, '2nd Floor', '2013-10-01', 0.00, '0000-00-00', '0000-00-00'),
(188, 1, 2, 9, 'AK107113000188', 'Powder - Fire Extinguisher', 133, 2, 3, 46, 1.00, 0.00, 1, '2nd Floor', '2013-10-01', 0.00, '0000-00-00', '0000-00-00'),
(189, 1, 2, 9, 'AK107113000189', 'Powder - Fire Extinguisher', 133, 2, 3, 47, 1.00, 0.00, 1, '2nd Floor', '2013-10-01', 0.00, '0000-00-00', '0000-00-00'),
(190, 1, 2, 9, 'AK107113000190', 'CO2 - Fire Extinguisher', 216, 2, 3, 48, 1.00, 0.00, 1, '2nd Floor', '2013-10-01', 0.00, '0000-00-00', '0000-00-00'),
(191, 1, 2, 9, 'AK107113000191', 'Powder - Fire Extinguisher', 133, 2, 3, 49, 1.00, 0.00, 1, '3rd Floor', '2013-10-01', 0.00, '0000-00-00', '0000-00-00'),
(192, 1, 2, 9, 'AK107113000192', 'Powder - Fire Extinguisher', 133, 2, 3, 50, 1.00, 0.00, 1, '3rd Floor', '2013-10-01', 0.00, '0000-00-00', '0000-00-00'),
(193, 1, 2, 9, 'AK107113000193', 'Powder - Fire Extinguisher', 133, 2, 3, 51, 1.00, 0.00, 1, '3rd Floor', '2013-10-01', 0.00, '0000-00-00', '0000-00-00'),
(194, 1, 2, 9, 'AK107113000194', 'Powder - Fire Extinguisher', 133, 2, 3, 52, 1.00, 0.00, 1, '3rd Floor', '2013-10-01', 0.00, '0000-00-00', '0000-00-00'),
(195, 1, 2, 9, 'AK107113000195', 'Powder - Fire Extinguisher', 133, 2, 3, 45, 1.00, 0.00, 1, '3rd Floor', '2013-10-01', 0.00, '0000-00-00', '0000-00-00'),
(196, 1, 2, 9, 'AK107113000196', 'Powder - Fire Extinguisher', 133, 2, 3, 53, 1.00, 0.00, 1, '3rd Floor', '2013-10-01', 0.00, '0000-00-00', '0000-00-00'),
(197, 1, 2, 9, 'AK107113000197', 'Powder - Fire Extinguisher', 133, 2, 3, 54, 1.00, 0.00, 1, '3rd Floor', '2013-10-01', 0.00, '0000-00-00', '0000-00-00'),
(198, 1, 2, 9, 'AK107113000198', 'CO2 - Fire Extinguisher', 216, 2, 3, 48, 1.00, 0.00, 1, '3rd Floor', '2013-10-01', 0.00, '0000-00-00', '0000-00-00'),
(199, 1, 2, 9, 'AK107113000199', 'Powder - Fire Extinguisher', 133, 2, 3, 55, 1.00, 0.00, 1, '5th Floor', '2013-10-01', 0.00, '0000-00-00', '0000-00-00'),
(200, 1, 2, 9, 'AK107113000200', 'Powder - Fire Extinguisher', 133, 2, 3, 56, 1.00, 0.00, 1, '5th Floor', '2013-10-01', 0.00, '0000-00-00', '0000-00-00'),
(201, 1, 2, 9, 'AK107113000201', 'Powder - Fire Extinguisher', 133, 2, 3, 57, 1.00, 0.00, 1, '5th Floor', '2013-10-01', 0.00, '0000-00-00', '0000-00-00'),
(202, 1, 2, 9, 'AK107113000202', 'Powder - Fire Extinguisher', 133, 2, 3, 58, 1.00, 0.00, 1, '5th Floor', '2013-10-01', 0.00, '0000-00-00', '0000-00-00'),
(203, 1, 2, 9, 'AK107113000203', 'Powder - Fire Extinguisher', 133, 2, 3, 59, 1.00, 0.00, 1, '5th Floor', '2013-10-01', 0.00, '0000-00-00', '0000-00-00'),
(204, 1, 2, 9, 'AK107113000204', 'Powder - Fire Extinguisher', 133, 2, 3, 60, 1.00, 0.00, 1, '5th Floor', '2013-10-01', 0.00, '0000-00-00', '0000-00-00'),
(205, 1, 2, 9, 'AK107113000205', 'Powder - Fire Extinguisher', 133, 2, 3, 61, 1.00, 0.00, 1, '5th Floor', '2013-10-01', 0.00, '0000-00-00', '0000-00-00'),
(206, 1, 2, 9, 'AK107113000206', 'CO2 - Fire Extinguisher', 216, 2, 3, 48, 1.00, 0.00, 1, '5th Floor', '2013-10-01', 0.00, '0000-00-00', '0000-00-00'),
(207, 1, 2, 9, 'AK107113000207', 'Powder - Fire Extinguisher', 133, 2, 3, 62, 1.00, 0.00, 1, '6th Floor', '2013-10-01', 0.00, '0000-00-00', '0000-00-00'),
(208, 1, 2, 9, 'AK107113000208', 'Powder - Fire Extinguisher', 133, 2, 3, 63, 1.00, 0.00, 1, '6th Floor', '2013-10-01', 0.00, '0000-00-00', '0000-00-00'),
(209, 1, 2, 9, 'AK107113000209', 'Powder - Fire Extinguisher', 133, 2, 3, 64, 1.00, 0.00, 1, '6th Floor', '2013-10-01', 0.00, '0000-00-00', '0000-00-00'),
(210, 1, 2, 9, 'AK107113000210', 'Powder - Fire Extinguisher', 133, 2, 3, 65, 1.00, 0.00, 1, '6th Floor', '2013-10-01', 0.00, '0000-00-00', '0000-00-00'),
(211, 1, 2, 9, 'AK107113000211', 'CO2 - Fire Extinguisher', 216, 2, 3, 48, 1.00, 0.00, 1, '6th Floor', '2013-10-01', 0.00, '0000-00-00', '0000-00-00'),
(212, 1, 2, 9, 'AK107113000212', 'Hydrant - Fire Extinguisher', 133, 2, 3, 66, 1.00, 0.00, 1, '', '2013-10-01', 0.00, '0000-00-00', '0000-00-00'),
(213, 1, 2, 9, 'AK107113000213', 'Hydrant - Fire Extinguisher', 133, 2, 3, 67, 1.00, 0.00, 1, '', '2013-10-01', 0.00, '0000-00-00', '0000-00-00'),
(214, 1, 2, 9, 'AK107113000214', 'Hydrant - Fire Extinguisher', 133, 2, 3, 68, 1.00, 0.00, 1, '', '2013-10-01', 0.00, '0000-00-00', '0000-00-00'),
(215, 1, 2, 9, 'AK107113000215', 'Hydrant - Fire Extinguisher', 133, 2, 3, 69, 1.00, 0.00, 1, '', '2013-10-01', 0.00, '0000-00-00', '0000-00-00'),
(216, 1, 2, 9, 'AK107113000216', 'Hydrant - Fire Extinguisher', 133, 2, 3, 70, 1.00, 0.00, 1, '', '2013-10-01', 0.00, '0000-00-00', '0000-00-00'),
(217, 1, 2, 9, 'AK107113000217', 'Hydrant - Fire Extinguisher', 133, 2, 3, 71, 1.00, 0.00, 1, '', '2013-10-01', 0.00, '0000-00-00', '0000-00-00'),
(218, 1, 2, 9, 'AK107113000218', 'Hydrant - Fire Extinguisher', 133, 2, 3, 72, 1.00, 0.00, 1, '', '2013-10-01', 0.00, '0000-00-00', '0000-00-00'),
(219, 1, 2, 9, 'AK107113000219', 'Hydrant - Fire Extinguisher', 133, 2, 3, 73, 1.00, 0.00, 1, '', '2013-10-01', 0.00, '0000-00-00', '0000-00-00'),
(220, 1, 2, 9, 'AK107113000220', 'Hydrant - Fire Extinguisher', 133, 2, 3, 74, 1.00, 0.00, 1, '', '2013-10-01', 0.00, '0000-00-00', '0000-00-00'),
(221, 1, 2, 9, 'AK107113000221', 'Hydrant - Fire Extinguisher', 133, 2, 3, 75, 1.00, 0.00, 1, '', '2013-10-01', 0.00, '0000-00-00', '0000-00-00'),
(222, 1, 2, 9, 'AK107113000222', 'Hydrant - Fire Extinguisher', 133, 2, 3, 76, 1.00, 0.00, 1, '', '2013-10-01', 0.00, '0000-00-00', '0000-00-00'),
(223, 1, 2, 9, 'AK107113000223', 'Hydrant - Fire Extinguisher', 133, 2, 3, 77, 1.00, 0.00, 1, '', '2013-10-01', 0.00, '0000-00-00', '0000-00-00'),
(224, 1, 2, 9, 'AK107113000224', 'Hydrant - Fire Extinguisher', 133, 2, 3, 78, 1.00, 0.00, 1, '', '2013-10-01', 0.00, '0000-00-00', '0000-00-00'),
(225, 1, 2, 9, 'AK107113000225', 'Hydrant - Fire Extinguisher', 133, 2, 3, 78, 1.00, 0.00, 1, '', '2013-10-01', 0.00, '0000-00-00', '0000-00-00'),
(226, 1, 2, 9, 'AK107113000226', 'Hydrant - Fire Extinguisher', 133, 2, 3, 79, 1.00, 0.00, 1, '', '2013-10-01', 0.00, '0000-00-00', '0000-00-00'),
(227, 1, 2, 9, 'AK107113000227', 'Hydrant - Fire Extinguisher', 133, 2, 3, 80, 1.00, 0.00, 1, '', '2013-10-01', 0.00, '0000-00-00', '0000-00-00'),
(228, 1, 2, 9, 'AK107113000228', 'Hydrant - Fire Extinguisher', 133, 2, 3, 81, 1.00, 0.00, 1, '', '2013-10-01', 0.00, '0000-00-00', '0000-00-00'),
(229, 1, 2, 9, 'AK107113000229', 'Hydrant - Fire Extinguisher', 133, 2, 3, 82, 1.00, 0.00, 1, '', '2013-10-01', 0.00, '0000-00-00', '0000-00-00'),
(230, 1, 2, 9, 'AK107113000230', 'Hydrant - Fire Extinguisher', 133, 2, 3, 83, 1.00, 0.00, 1, '', '2013-10-01', 0.00, '0000-00-00', '0000-00-00'),
(231, 1, 2, 4, 'AK102113000231', 'Table Canten', 97, 2, 3, 84, 14.00, 0.00, 1, '', '2013-10-01', 0.00, '0000-00-00', '0000-00-00'),
(232, 1, 2, 4, 'AK102113000232', 'Chair Canten', 97, 2, 3, 84, 14.00, 0.00, 1, '', '2013-10-01', 0.00, '0000-00-00', '0000-00-00'),
(233, 1, 2, 4, 'AK102113000233', 'Chair Chitose/Training', 133, 2, 3, 84, 12.00, 0.00, 1, '', '2013-10-01', 0.00, '0000-00-00', '0000-00-00'),
(234, 1, 2, 4, 'AK102113000234', 'Kursi Kantin Baru', 133, 2, 3, 84, 12.00, 0.00, 1, '', '2013-10-01', 0.00, '0000-00-00', '0000-00-00'),
(235, 1, 2, 5, 'AK103113000235', 'TV Led 32\"', 174, 2, 3, 85, 1.00, 0.00, 1, '', '2013-10-01', 0.00, '0000-00-00', '0000-00-00'),
(236, 1, 2, 4, 'AK102113000236', 'Locker Male 2 pintu', 13, 2, 3, 86, 5.00, 0.00, 1, '', '2013-10-01', 0.00, '0000-00-00', '0000-00-00'),
(237, 1, 2, 4, 'AK102113000237', 'Loker Male 4 Pintu', 13, 2, 3, 86, 17.00, 0.00, 1, '', '2013-10-01', 0.00, '0000-00-00', '0000-00-00'),
(238, 1, 2, 4, 'AK102113000238', 'Waiting Room Chair 4 Set', 133, 2, 3, 86, 3.00, 0.00, 1, '', '2013-10-01', 0.00, '0000-00-00', '0000-00-00'),
(239, 1, 2, 4, 'AK102113000239', 'Locker Female 2 Pintu', 13, 2, 3, 87, 3.00, 0.00, 1, '', '2013-10-01', 0.00, '0000-00-00', '0000-00-00'),
(240, 1, 2, 4, 'AK102113000240', 'Loker Male 4 Pintu', 13, 2, 3, 87, 8.00, 0.00, 1, '', '2013-10-01', 0.00, '0000-00-00', '0000-00-00'),
(241, 1, 2, 4, 'AK102113000241', 'Rack Shoe Female', 199, 2, 3, 87, 2.00, 0.00, 1, '', '2013-10-01', 0.00, '0000-00-00', '0000-00-00'),
(242, 1, 2, 4, 'AK102113000242', 'Waiting Room Chair 3 Set', 133, 2, 3, 87, 1.00, 0.00, 1, '', '2013-10-01', 0.00, '0000-00-00', '0000-00-00'),
(243, 1, 2, 4, 'AK102113000243', 'Waiting Room Chair 4 Set', 133, 2, 3, 87, 1.00, 0.00, 1, '', '2013-10-01', 0.00, '0000-00-00', '0000-00-00'),
(244, 1, 2, 9, 'AK107113000244', 'Mirror', 133, 2, 3, 87, 3.00, 0.00, 1, 'added in 2019', '2013-10-01', 0.00, '0000-00-00', '0000-00-00'),
(245, 1, 2, 4, 'AK102113000245', 'Waiting Room Chair 4 Set', 133, 2, 3, 88, 1.00, 0.00, 1, '', '2013-10-01', 0.00, '0000-00-00', '0000-00-00'),
(246, 1, 2, 9, 'AK107113000246', 'Traffic Cone (lama)', 133, 2, 3, 89, 5.00, 0.00, 1, 'added in 2019', '2013-10-01', 0.00, '0000-00-00', '0000-00-00'),
(247, 1, 2, 9, 'AK107113000247', 'Traffic Cone (Baru)', 133, 2, 3, 89, 8.00, 0.00, 1, 'added in 2019', '2013-10-01', 0.00, '0000-00-00', '0000-00-00'),
(248, 1, 2, 9, 'AK107113000248', 'Handy Talky', 121, 2, 3, 90, 3.00, 0.00, 1, 'added in 2019', '2013-10-01', 0.00, '0000-00-00', '0000-00-00'),
(249, 1, 2, 9, 'AK107113000249', 'White Board', 217, 2, 3, 90, 1.00, 0.00, 1, '', '2013-10-01', 0.00, '0000-00-00', '0000-00-00'),
(250, 1, 2, 9, 'AK107113000250', 'Kotak P3K', 133, 2, 3, 90, 2.00, 0.00, 1, 'added in 2019', '2013-10-01', 0.00, '0000-00-00', '0000-00-00'),
(251, 1, 2, 4, 'AK102113000251', 'Lemari', 97, 2, 3, 90, 1.00, 0.00, 1, 'added in 2019', '2013-10-01', 0.00, '0000-00-00', '0000-00-00'),
(252, 1, 2, 9, 'AK107113000252', 'Mirror Detector ', 133, 2, 3, 90, 1.00, 0.00, 1, 'added in 2019', '2013-10-01', 0.00, '0000-00-00', '0000-00-00'),
(253, 1, 2, 9, 'AK107113000253', 'Senter Lalin Pan', 133, 2, 3, 90, 1.00, 0.00, 1, 'added in 2019', '2013-10-01', 0.00, '0000-00-00', '0000-00-00'),
(254, 1, 2, 9, 'AK107113000254', 'Organization Chart', 133, 2, 3, 91, 1.00, 0.00, 1, 'added in 2019', '2013-10-01', 0.00, '0000-00-00', '0000-00-00'),
(255, 1, 2, 9, 'AK107113000255', 'Papan Mading', 133, 2, 3, 91, 2.00, 0.00, 1, '', '2013-10-01', 0.00, '0000-00-00', '0000-00-00'),
(256, 1, 2, 3, 'AK101113000256', 'IT - Monitor', 72, 3, 4, 92, 4.00, 0.00, 1, '', '2013-10-01', 0.00, '0000-00-00', '0000-00-00'),
(257, 1, 2, 3, 'AK101113000257', 'IT - Monitor', 103, 3, 4, 92, 1.00, 0.00, 1, '', '2013-10-01', 0.00, '0000-00-00', '0000-00-00'),
(258, 1, 2, 3, 'AK101113000258', 'IT - CPU ', 69, 3, 4, 92, 6.00, 0.00, 1, '', '2013-10-01', 0.00, '0000-00-00', '0000-00-00'),
(259, 1, 2, 3, 'AK101113000259', 'IT - Printer Infus', 43, 3, 4, 92, 1.00, 0.00, 1, '', '2013-10-01', 0.00, '0000-00-00', '0000-00-00'),
(260, 1, 2, 3, 'AK101113000260', 'IT - UPS ', 6, 3, 4, 92, 0.00, 0.00, 1, '', '2013-10-01', 0.00, '0000-00-00', '0000-00-00'),
(261, 1, 2, 3, 'AK101113000261', 'IT - Scanner ', 77, 3, 4, 92, 1.00, 0.00, 1, '', '2013-10-01', 0.00, '0000-00-00', '0000-00-00'),
(262, 1, 2, 3, 'AK101113000262', 'IT - Tablet', 102, 3, 4, 92, 1.00, 0.00, 1, '', '2013-10-01', 0.00, '0000-00-00', '0000-00-00'),
(263, 1, 2, 4, 'AK102113000263', 'Table Mgr', 133, 3, 4, 92, 1.00, 0.00, 1, '', '2013-10-01', 0.00, '0000-00-00', '0000-00-00'),
(264, 1, 2, 4, 'AK102113000264', 'Chair Mgr', 133, 3, 4, 92, 1.00, 0.00, 1, '', '2013-10-01', 0.00, '0000-00-00', '0000-00-00'),
(265, 1, 2, 4, 'AK102113000265', 'Chair Staff', 133, 3, 4, 92, 6.00, 0.00, 1, '', '2013-10-01', 0.00, '0000-00-00', '0000-00-00'),
(266, 1, 2, 4, 'AK102113000266', 'Filling Cabinet Large', 13, 3, 4, 92, 2.00, 0.00, 1, '', '2013-10-01', 0.00, '0000-00-00', '0000-00-00'),
(267, 1, 2, 4, 'AK102113000267', 'Cup Board Large', 133, 3, 4, 92, 2.00, 0.00, 1, '', '2013-10-01', 0.00, '0000-00-00', '0000-00-00'),
(268, 1, 2, 4, 'AK102113000268', 'Work Station 4 Set', 133, 3, 4, 92, 2.00, 0.00, 1, '', '2013-10-01', 0.00, '0000-00-00', '0000-00-00'),
(269, 1, 2, 9, 'AK107113000269', 'White Board Large', 133, 3, 4, 92, 1.00, 0.00, 1, '', '2013-10-01', 0.00, '0000-00-00', '0000-00-00'),
(270, 1, 2, 9, 'AK107113000270', 'White Board Small', 133, 3, 4, 92, 1.00, 0.00, 1, '', '2013-10-01', 0.00, '0000-00-00', '0000-00-00'),
(271, 1, 2, 9, 'AK107113000271', 'Telephone', 143, 3, 4, 92, 7.00, 0.00, 1, '', '2013-10-01', 0.00, '0000-00-00', '0000-00-00'),
(272, 1, 2, 9, 'AK107113000272', 'Telephone', 205, 3, 4, 92, 1.00, 0.00, 1, '', '2013-10-01', 0.00, '0000-00-00', '0000-00-00'),
(273, 1, 2, 5, 'AK103113000273', 'Fax Machine', 143, 3, 4, 92, 1.00, 0.00, 1, '', '2013-10-01', 0.00, '0000-00-00', '0000-00-00'),
(274, 1, 2, 9, 'AK107113000274', 'Handy Talky', 121, 3, 4, 92, 1.00, 0.00, 1, '', '2013-10-01', 0.00, '0000-00-00', '0000-00-00'),
(275, 1, 2, 9, 'AK107113000275', 'Camera', 132, 3, 4, 92, 1.00, 0.00, 1, '', '2013-10-01', 0.00, '0000-00-00', '0000-00-00'),
(276, 1, 2, 9, 'AK107113000276', 'Camera Lens', 131, 3, 4, 92, 1.00, 0.00, 1, 'Pemb. Mei 2019, B. Opr', '2013-10-01', 0.00, '0000-00-00', '0000-00-00'),
(277, 1, 2, 9, 'AK107113000277', 'Camera Lens', 195, 3, 4, 92, 1.00, 0.00, 1, '', '2013-10-01', 0.00, '0000-00-00', '0000-00-00'),
(278, 1, 2, 9, 'AK107113000278', 'Camera Flash', 56, 3, 4, 92, 1.00, 0.00, 1, 'Pemb FFNE2019', '2013-10-01', 0.00, '0000-00-00', '0000-00-00'),
(279, 1, 2, 9, 'AK107113000279', 'Garbage', 133, 3, 4, 92, 1.00, 0.00, 1, 'Pemb FFNE2019', '2013-10-01', 0.00, '0000-00-00', '0000-00-00'),
(280, 1, 2, 9, 'AK107113000280', 'Video Light GODOX LEDP26', 133, 3, 4, 92, 1.00, 0.00, 1, 'Pemb FFNE2019', '2013-10-01', 0.00, '0000-00-00', '0000-00-00'),
(281, 1, 2, 9, 'AK107113000281', 'Mini Studio GODOX LED', 133, 3, 4, 92, 1.00, 0.00, 1, 'Pemb FFNE2019', '2013-10-01', 0.00, '0000-00-00', '0000-00-00'),
(282, 1, 2, 3, 'AK101113000282', 'IT - Monitor', 68, 4, 2, 93, 4.00, 0.00, 1, '', '2013-10-01', 0.00, '0000-00-00', '0000-00-00'),
(283, 1, 2, 3, 'AK101113000283', 'IT - CPU ', 68, 4, 2, 93, 4.00, 0.00, 1, '', '2013-10-01', 0.00, '0000-00-00', '0000-00-00'),
(284, 1, 2, 3, 'AK101113000284', 'IT - UPS ', 6, 4, 2, 93, 3.00, 0.00, 1, '', '2013-10-01', 0.00, '0000-00-00', '0000-00-00'),
(285, 1, 2, 3, 'AK101113000285', 'IT - Printer Multifuntion Laser Jet', 75, 4, 2, 93, 1.00, 0.00, 1, '', '2013-10-01', 0.00, '0000-00-00', '0000-00-00'),
(286, 1, 2, 3, 'AK101113000286', 'IT - Notebook', 68, 4, 2, 93, 1.00, 0.00, 1, '', '2013-10-01', 0.00, '0000-00-00', '0000-00-00'),
(287, 1, 2, 4, 'AK102113000287', 'Table Mgr', 138, 4, 2, 93, 1.00, 0.00, 1, '', '2013-10-01', 0.00, '0000-00-00', '0000-00-00'),
(288, 1, 2, 4, 'AK102113000288', 'Chair Mgr', 180, 4, 2, 93, 1.00, 0.00, 1, '', '2013-10-01', 0.00, '0000-00-00', '0000-00-00'),
(289, 1, 2, 4, 'AK102113000289', 'Chair Staff', 133, 4, 2, 93, 2.00, 0.00, 1, '', '2013-10-01', 0.00, '0000-00-00', '0000-00-00'),
(290, 1, 2, 4, 'AK102113000290', 'Filling Cabinet Large', 133, 4, 2, 93, 3.00, 0.00, 1, '', '2013-10-01', 0.00, '0000-00-00', '0000-00-00'),
(291, 1, 2, 4, 'AK102113000291', 'Work Station 4 Set', 133, 4, 2, 93, 1.00, 0.00, 1, '', '2013-10-01', 0.00, '0000-00-00', '0000-00-00'),
(292, 1, 2, 4, 'AK102113000292', 'Work Station 2 Set', 133, 4, 2, 93, 1.00, 0.00, 1, '', '2013-10-01', 0.00, '0000-00-00', '0000-00-00'),
(293, 1, 2, 4, 'AK102113000293', 'Table Operator Office ', 133, 4, 2, 93, 1.00, 0.00, 1, '', '2013-10-01', 0.00, '0000-00-00', '0000-00-00'),
(294, 1, 2, 9, 'AK107113000294', 'White Board', 133, 4, 2, 93, 1.00, 0.00, 1, '', '2013-10-01', 0.00, '0000-00-00', '0000-00-00'),
(295, 1, 2, 9, 'AK107113000295', 'Telephone', 205, 4, 2, 93, 3.00, 0.00, 1, '', '2013-10-01', 0.00, '0000-00-00', '0000-00-00'),
(296, 1, 2, 9, 'AK107113000296', 'Telephone', 143, 4, 2, 93, 1.00, 0.00, 1, '', '2013-10-01', 0.00, '0000-00-00', '0000-00-00'),
(297, 1, 2, 5, 'AK103113000297', 'Fax Machine', 143, 4, 2, 93, 1.00, 0.00, 1, '', '2013-10-01', 0.00, '0000-00-00', '0000-00-00'),
(298, 1, 2, 9, 'AK107113000298', 'Money Detector', 198, 4, 2, 93, 2.00, 0.00, 1, '', '2013-10-01', 0.00, '0000-00-00', '0000-00-00'),
(299, 1, 2, 5, 'AK103113000299', 'Bank Note Counter', 97, 4, 2, 93, 1.00, 0.00, 1, '', '2013-10-01', 0.00, '0000-00-00', '0000-00-00'),
(300, 1, 2, 9, 'AK107113000300', 'Key Encoder', 136, 4, 2, 93, 2.00, 0.00, 1, '', '2013-10-01', 0.00, '0000-00-00', '0000-00-00'),
(301, 1, 2, 9, 'AK107113000301', 'Watch', 170, 4, 2, 93, 1.00, 0.00, 1, '', '2013-10-01', 0.00, '0000-00-00', '0000-00-00'),
(302, 1, 2, 9, 'AK107113000302', 'Garbage Round', 133, 4, 2, 93, 4.00, 0.00, 1, '', '2013-10-01', 0.00, '0000-00-00', '0000-00-00'),
(303, 1, 2, 9, 'AK107113000303', 'Safe Deposit Box', 212, 4, 2, 93, 1.00, 0.00, 1, '', '2013-10-01', 0.00, '0000-00-00', '0000-00-00'),
(304, 1, 2, 9, 'AK107113000304', 'Cash Box', 21, 4, 2, 93, 1.00, 0.00, 1, '', '2013-10-01', 0.00, '0000-00-00', '0000-00-00'),
(305, 1, 2, 9, 'AK107113000305', 'Handy Talky', 121, 4, 2, 93, 3.00, 0.00, 1, '', '2013-10-01', 0.00, '0000-00-00', '0000-00-00'),
(306, 1, 2, 9, 'AK107113000306', 'Handy Talky - Head Set', 133, 4, 2, 93, 1.00, 0.00, 1, '', '2013-10-01', 0.00, '0000-00-00', '0000-00-00'),
(307, 1, 2, 9, 'AK107113000307', 'Covered Garbage ', 55, 4, 2, 93, 1.00, 0.00, 1, '', '2013-10-01', 0.00, '0000-00-00', '0000-00-00'),
(308, 1, 2, 9, 'AK107113000308', 'Key Box', 97, 4, 2, 93, 1.00, 0.00, 1, '', '2013-10-01', 0.00, '0000-00-00', '0000-00-00'),
(309, 1, 2, 9, 'AK107113000309', 'Handphone ', 181, 4, 2, 93, 1.00, 0.00, 1, '', '2013-10-01', 0.00, '0000-00-00', '0000-00-00'),
(310, 1, 2, 9, 'AK107113000310', 'Firs AId Box', 133, 4, 2, 93, 1.00, 0.00, 1, '', '2013-10-01', 0.00, '0000-00-00', '0000-00-00'),
(311, 1, 2, 9, 'AK107113000311', 'Mirror', 133, 4, 2, 93, 1.00, 0.00, 1, '', '2013-10-01', 0.00, '0000-00-00', '0000-00-00'),
(312, 1, 2, 3, 'AK101113000312', 'IT - PC All In One', 73, 4, 2, 94, 1.00, 0.00, 1, '', '2013-10-01', 0.00, '0000-00-00', '0000-00-00'),
(313, 1, 2, 3, 'AK101113000313', 'IT - Scanner ', 68, 4, 2, 94, 1.00, 0.00, 1, '', '2013-10-01', 0.00, '0000-00-00', '0000-00-00'),
(314, 1, 2, 4, 'AK102113000314', 'Table Desk', 133, 4, 2, 94, 2.00, 0.00, 1, '', '2013-10-01', 0.00, '0000-00-00', '0000-00-00'),
(315, 1, 2, 4, 'AK102113000315', 'Side Table', 133, 4, 2, 94, 1.00, 0.00, 1, '', '2013-10-01', 0.00, '0000-00-00', '0000-00-00'),
(316, 1, 2, 4, 'AK102113000316', 'Chair Red', 133, 4, 2, 94, 2.00, 0.00, 1, '', '2013-10-01', 0.00, '0000-00-00', '0000-00-00'),
(317, 1, 2, 4, 'AK102113000317', 'Round Table', 133, 4, 2, 94, 1.00, 0.00, 1, '', '2013-10-01', 0.00, '0000-00-00', '0000-00-00'),
(318, 1, 2, 4, 'AK102113000318', 'Chair Black', 85, 4, 2, 94, 4.00, 0.00, 1, '', '2013-10-01', 0.00, '0000-00-00', '0000-00-00'),
(319, 1, 2, 4, 'AK102113000319', 'Vas Flower', 133, 4, 2, 94, 2.00, 0.00, 1, '', '2013-10-01', 0.00, '0000-00-00', '0000-00-00'),
(320, 1, 2, 4, 'AK102113000320', 'Sofa', 133, 4, 2, 94, 1.00, 0.00, 1, '', '2013-10-01', 0.00, '0000-00-00', '0000-00-00'),
(321, 1, 2, 4, 'AK102113000321', 'Small Round Table', 133, 4, 2, 94, 2.00, 0.00, 1, '', '2013-10-01', 0.00, '0000-00-00', '0000-00-00'),
(322, 1, 2, 4, 'AK102113000322', 'Rack Display Brochure', 133, 4, 2, 94, 1.00, 0.00, 1, '', '2013-10-01', 0.00, '0000-00-00', '0000-00-00'),
(323, 1, 3, 10, 'AK202213000323', 'Partition', 133, 4, 2, 94, 2.00, 0.00, 1, '', '2013-10-01', 0.00, '0000-00-00', '0000-00-00'),
(324, 1, 2, 3, 'AK101113000324', 'IT - Printer Reception', 68, 4, 2, 95, 1.00, 0.00, 1, '', '2013-10-01', 0.00, '0000-00-00', '0000-00-00'),
(325, 1, 2, 4, 'AK102113000325', 'Glass - Vas Flower', 133, 4, 2, 95, 1.00, 0.00, 1, '', '2013-10-01', 0.00, '0000-00-00', '0000-00-00'),
(326, 1, 2, 9, 'AK107113000326', 'BB - Folding Trolley', 133, 4, 2, 95, 2.00, 0.00, 1, '', '2013-10-01', 0.00, '0000-00-00', '0000-00-00'),
(327, 1, 2, 9, 'AK107113000327', 'BB - Luggage Trolley', 133, 4, 2, 95, 3.00, 0.00, 1, '', '2013-10-01', 0.00, '0000-00-00', '0000-00-00'),
(328, 1, 2, 9, 'AK107113000328', 'BB - Birdcage Trolley', 97, 4, 2, 95, 2.00, 0.00, 1, '', '2013-10-01', 0.00, '0000-00-00', '0000-00-00'),
(329, 1, 3, 10, 'AK202213000329', 'DM - Working Table', 133, 4, 2, 95, 1.00, 0.00, 1, '', '2013-10-01', 0.00, '0000-00-00', '0000-00-00'),
(330, 1, 3, 10, 'AK202213000330', 'DM - Chair', 133, 4, 2, 95, 3.00, 0.00, 1, '', '2013-10-01', 0.00, '0000-00-00', '0000-00-00'),
(331, 1, 3, 10, 'AK202213000331', 'Vas Flower', 133, 4, 2, 95, 1.00, 0.00, 1, '', '2013-10-01', 0.00, '0000-00-00', '0000-00-00'),
(332, 1, 3, 10, 'AK202213000332', 'Brown Sofa', 133, 4, 2, 95, 4.00, 0.00, 1, '', '2013-10-01', 0.00, '0000-00-00', '0000-00-00'),
(333, 1, 3, 10, 'AK202213000333', 'Black Sofa', 133, 4, 2, 95, 2.00, 0.00, 1, '', '2013-10-01', 0.00, '0000-00-00', '0000-00-00'),
(334, 1, 3, 10, 'AK202213000334', 'Small Round Table', 133, 4, 2, 95, 6.00, 0.00, 1, '', '2013-10-01', 0.00, '0000-00-00', '0000-00-00'),
(335, 1, 3, 10, 'AK202213000335', 'Standing Lamp', 133, 4, 2, 95, 2.00, 0.00, 1, '', '2013-10-01', 0.00, '0000-00-00', '0000-00-00'),
(336, 1, 3, 10, 'AK202213000336', 'Display Table Lamp', 133, 4, 2, 95, 1.00, 0.00, 1, '', '2013-10-01', 0.00, '0000-00-00', '0000-00-00'),
(337, 1, 3, 10, 'AK202213000337', 'Newspaper Rack', 133, 4, 2, 95, 1.00, 0.00, 1, '', '2013-10-01', 0.00, '0000-00-00', '0000-00-00'),
(338, 1, 3, 11, 'AK203213000338', 'Music Speaker', 133, 4, 2, 95, 12.00, 0.00, 1, '', '2013-10-01', 0.00, '0000-00-00', '0000-00-00'),
(339, 1, 3, 10, 'AK202213000339', 'Lobby Display TV ', 185, 4, 2, 95, 1.00, 0.00, 1, '', '2013-10-01', 0.00, '0000-00-00', '0000-00-00'),
(340, 1, 3, 10, 'AK202213000340', 'Karpet Counter', 133, 4, 2, 95, 1.00, 0.00, 1, '', '2013-10-01', 0.00, '0000-00-00', '0000-00-00'),
(341, 1, 2, 5, 'AK103113000341', 'Car Vacum Cleaner', 40, 4, 2, 95, 1.00, 0.00, 1, '', '2013-10-01', 0.00, '0000-00-00', '0000-00-00'),
(342, 1, 3, 10, 'AK202213000342', 'Wheel Chair', 53, 4, 2, 96, 1.00, 0.00, 1, '', '2013-10-01', 0.00, '0000-00-00', '0000-00-00'),
(343, 1, 3, 11, 'AK203213000343', 'Refrigerator', 174, 4, 2, 96, 1.00, 0.00, 1, '', '2013-10-01', 0.00, '0000-00-00', '0000-00-00'),
(344, 1, 3, 10, 'AK202213000344', 'Concierge Rack 4 Tray', 133, 4, 2, 96, 4.00, 0.00, 1, '', '2013-10-01', 0.00, '0000-00-00', '0000-00-00'),
(345, 1, 2, 5, 'AK103113000345', 'Car Call', 12, 4, 2, 97, 1.00, 0.00, 1, '', '2013-10-01', 0.00, '0000-00-00', '0000-00-00'),
(346, 1, 2, 5, 'AK103113000346', 'Paging Mic', 12, 4, 2, 97, 1.00, 0.00, 1, '', '2013-10-01', 0.00, '0000-00-00', '0000-00-00'),
(347, 1, 3, 15, 'AK20V213000347', 'Car ', 202, 4, 2, 98, 1.00, 0.00, 1, '', '2013-10-01', 0.00, '0000-00-00', '0000-00-00'),
(348, 1, 3, 15, 'AK20V213000348', 'Car', 192, 4, 2, 98, 2.00, 0.00, 1, '', '2013-10-01', 0.00, '0000-00-00', '0000-00-00'),
(349, 1, 3, 15, 'AK20V213000349', 'Car Box', 191, 4, 2, 98, 1.00, 0.00, 1, '', '2013-10-01', 0.00, '0000-00-00', '0000-00-00'),
(350, 1, 3, 14, 'AK20V113000350', 'Motorcycle Suzuki Smash', 133, 4, 2, 98, 1.00, 0.00, 1, '', '2013-10-01', 0.00, '0000-00-00', '0000-00-00'),
(351, 1, 2, 9, 'AK107113000351', 'Covered Garbage ', 55, 4, 2, 93, 0.00, 0.00, 3, '', '2013-10-01', 0.00, '0000-00-00', '0000-00-00'),
(352, 1, 2, 3, 'AK101113000352', 'IT - Monitor', 68, 5, 5, 99, 1.00, 0.00, 1, '', '2013-10-01', 0.00, '0000-00-00', '0000-00-00'),
(353, 1, 2, 3, 'AK101113000353', 'IT - CPU ', 68, 5, 5, 99, 1.00, 0.00, 1, '', '2013-10-01', 0.00, '0000-00-00', '0000-00-00'),
(354, 1, 2, 3, 'AK101113000354', 'IT - Printer Desk Jet', 15, 5, 5, 99, 1.00, 0.00, 1, '', '2013-10-01', 0.00, '0000-00-00', '0000-00-00'),
(355, 1, 2, 3, 'AK101113000355', 'IT - Hub Ethernet', 32, 5, 5, 99, 1.00, 0.00, 1, '', '2013-10-01', 0.00, '0000-00-00', '0000-00-00'),
(356, 1, 2, 3, 'AK101113000356', 'IT - UPS', 6, 5, 5, 99, 1.00, 0.00, 1, '', '2013-10-01', 0.00, '0000-00-00', '0000-00-00'),
(357, 1, 2, 3, 'AK101113000357', 'IT - Notebook', 35, 5, 5, 99, 1.00, 0.00, 1, '', '2013-10-01', 0.00, '0000-00-00', '0000-00-00'),
(358, 1, 2, 4, 'AK102113000358', 'Table Mgr', 133, 5, 5, 99, 3.00, 0.00, 1, '', '2013-10-01', 0.00, '0000-00-00', '0000-00-00'),
(359, 1, 2, 4, 'AK102113000359', 'Chair Mgr', 133, 5, 5, 99, 1.00, 0.00, 1, '', '2013-10-01', 0.00, '0000-00-00', '0000-00-00'),
(360, 1, 2, 4, 'AK102113000360', 'Chair Staff', 133, 5, 5, 99, 1.00, 0.00, 1, '', '2013-10-01', 0.00, '0000-00-00', '0000-00-00'),
(361, 1, 2, 4, 'AK102113000361', 'Filling Cabinet Large', 13, 5, 5, 99, 1.00, 0.00, 1, '', '2013-10-01', 0.00, '0000-00-00', '0000-00-00'),
(362, 1, 2, 4, 'AK102113000362', 'Cup Board Large', 133, 5, 5, 99, 1.00, 0.00, 1, '', '2013-10-01', 0.00, '0000-00-00', '0000-00-00'),
(363, 1, 2, 4, 'AK102113000363', 'Lemari Brother', 133, 5, 5, 99, 2.00, 0.00, 1, '', '2013-10-01', 0.00, '0000-00-00', '0000-00-00'),
(364, 1, 2, 4, 'AK102113000364', 'Rak Besi', 133, 5, 5, 99, 9.00, 0.00, 1, '', '2013-10-01', 0.00, '0000-00-00', '0000-00-00'),
(365, 1, 2, 9, 'AK107113000365', 'First Aid Box', 133, 5, 5, 99, 1.00, 0.00, 1, '', '2013-10-01', 0.00, '0000-00-00', '0000-00-00');
INSERT INTO `t004_asset` (`id`, `property_id`, `group_id`, `type_id`, `Code`, `Description`, `brand_id`, `signature_id`, `department_id`, `location_id`, `Qty`, `Variance`, `cond_id`, `Remarks`, `ProcurementDate`, `ProcurementCurrentCost`, `PeriodBegin`, `PeriodEnd`) VALUES
(366, 1, 2, 9, 'AK107113000366', 'White Board', 133, 5, 5, 99, 2.00, 0.00, 1, '', '2013-10-01', 0.00, '0000-00-00', '0000-00-00'),
(367, 1, 2, 9, 'AK107113000367', 'Telephone', 143, 5, 5, 100, 1.00, 0.00, 1, '', '2013-10-01', 0.00, '0000-00-00', '0000-00-00'),
(368, 1, 2, 9, 'AK107113000368', 'Telephone', 205, 5, 5, 99, 1.00, 0.00, 1, '', '2013-10-01', 0.00, '0000-00-00', '0000-00-00'),
(369, 1, 2, 9, 'AK107113000369', 'Key Box', 97, 5, 5, 99, 1.00, 0.00, 1, '', '2013-10-01', 0.00, '0000-00-00', '0000-00-00'),
(370, 1, 2, 9, 'AK107113000370', 'Garbage', 133, 5, 5, 99, 1.00, 0.00, 1, 'Need to be repaired', '2013-10-01', 0.00, '0000-00-00', '0000-00-00'),
(371, 1, 2, 9, 'AK107113000371', 'Handy Talky', 133, 5, 5, 99, 2.00, 0.00, 1, '', '2013-10-01', 0.00, '0000-00-00', '0000-00-00'),
(372, 1, 3, 11, 'AK203213000372', 'Wall Mounted AC', 174, 5, 5, 101, 1.00, 0.00, 1, '', '2013-10-01', 0.00, '0000-00-00', '0000-00-00'),
(373, 1, 3, 11, 'AK203213000373', 'Wall Mounted AC', 174, 5, 5, 102, 1.00, 0.00, 1, '', '2013-10-01', 0.00, '0000-00-00', '0000-00-00'),
(374, 1, 3, 11, 'AK203213000374', 'Wall Mounted AC', 174, 5, 5, 103, 1.00, 0.00, 1, '', '2013-10-01', 0.00, '0000-00-00', '0000-00-00'),
(375, 1, 3, 11, 'AK203213000375', 'Wall Mounted AC', 174, 5, 5, 104, 1.00, 0.00, 1, '', '2013-10-01', 0.00, '0000-00-00', '0000-00-00'),
(376, 1, 3, 11, 'AK203213000376', 'Wall Mounted AC', 174, 5, 5, 105, 1.00, 0.00, 1, '', '2013-10-01', 0.00, '0000-00-00', '0000-00-00'),
(377, 1, 3, 11, 'AK203213000377', 'Wall Mounted AC', 174, 5, 5, 106, 1.00, 0.00, 1, '', '2013-10-01', 0.00, '0000-00-00', '0000-00-00'),
(378, 1, 3, 11, 'AK203213000378', 'Wall Mounted AC', 174, 5, 5, 107, 1.00, 0.00, 1, '', '2013-10-01', 0.00, '0000-00-00', '0000-00-00'),
(379, 1, 3, 11, 'AK203213000379', 'Wall Mounted AC', 174, 5, 5, 108, 1.00, 0.00, 1, '', '2013-10-01', 0.00, '0000-00-00', '0000-00-00'),
(380, 1, 3, 11, 'AK203213000380', 'Ceiling Type AC', 114, 5, 5, 109, 2.00, 0.00, 1, 'Pemb. Juli 2019, B. Opr', '2013-10-01', 0.00, '0000-00-00', '0000-00-00'),
(381, 1, 3, 11, 'AK203213000381', 'Wall Mounted AC', 174, 5, 5, 110, 1.00, 0.00, 1, '', '2013-10-01', 0.00, '0000-00-00', '0000-00-00'),
(382, 1, 3, 11, 'AK203213000382', 'Wall Mounted AC', 174, 5, 5, 111, 1.00, 0.00, 1, '', '2013-10-01', 0.00, '0000-00-00', '0000-00-00'),
(383, 1, 3, 11, 'AK203213000383', 'Wall Mounted AC', 174, 5, 5, 112, 1.00, 0.00, 1, 'Need to be repaired', '2013-10-01', 0.00, '0000-00-00', '0000-00-00'),
(384, 1, 3, 11, 'AK203213000384', 'Wall Mounted AC', 174, 5, 5, 113, 1.00, 0.00, 1, '', '2013-10-01', 0.00, '0000-00-00', '0000-00-00'),
(385, 1, 3, 11, 'AK203213000385', 'Wall Mounted AC', 174, 5, 5, 114, 1.00, 0.00, 1, '', '2013-10-01', 0.00, '0000-00-00', '0000-00-00'),
(386, 1, 3, 11, 'AK203213000386', 'Wall Mounted AC', 33, 5, 5, 115, 1.00, 0.00, 1, '', '2013-10-01', 0.00, '0000-00-00', '0000-00-00'),
(387, 1, 3, 11, 'AK203213000387', 'Wall Mounted AC', 174, 5, 5, 116, 1.00, 0.00, 1, '', '2013-10-01', 0.00, '0000-00-00', '0000-00-00'),
(388, 1, 3, 11, 'AK203213000388', 'Wall Mounted AC', 33, 5, 5, 117, 1.00, 0.00, 1, '', '2013-10-01', 0.00, '0000-00-00', '0000-00-00'),
(389, 1, 3, 11, 'AK203213000389', 'Wall Mounted AC', 174, 5, 5, 118, 1.00, 0.00, 1, '', '2013-10-01', 0.00, '0000-00-00', '0000-00-00'),
(390, 1, 3, 11, 'AK203213000390', 'Wall Mounted AC', 174, 5, 5, 119, 1.00, 0.00, 1, '', '2013-10-01', 0.00, '0000-00-00', '0000-00-00'),
(391, 1, 3, 11, 'AK203213000391', 'Wall Mounted AC', 174, 5, 5, 120, 1.00, 0.00, 1, '', '2013-10-01', 0.00, '0000-00-00', '0000-00-00'),
(392, 1, 3, 11, 'AK203213000392', 'Wall Mounted AC', 174, 5, 5, 121, 2.00, 0.00, 1, '', '2013-10-01', 0.00, '0000-00-00', '0000-00-00'),
(393, 1, 3, 11, 'AK203213000393', 'Wall Mounted AC', 174, 5, 5, 122, 1.00, 0.00, 1, 'Pemb FFNE2019', '2013-10-01', 0.00, '0000-00-00', '0000-00-00'),
(394, 1, 3, 11, 'AK203213000394', 'Wall Mounted AC', 174, 5, 5, 123, 1.00, 0.00, 1, 'Pemb FFNE2019', '2013-10-01', 0.00, '0000-00-00', '0000-00-00'),
(395, 1, 3, 11, 'AK203213000395', 'Wall Mounted AC', 174, 5, 5, 124, 1.00, 0.00, 1, 'Pemb FFNE2019', '2013-10-01', 0.00, '0000-00-00', '0000-00-00'),
(396, 1, 3, 11, 'AK203213000396', 'Wall Mounted AC', 174, 5, 5, 125, 1.00, 0.00, 1, 'Pemb FFNE2019', '2013-10-01', 0.00, '0000-00-00', '0000-00-00'),
(397, 1, 3, 11, 'AK203213000397', 'Wall Mounted AC', 174, 5, 5, 100, 1.00, 0.00, 1, 'Pemb FFNE2019', '2013-10-01', 0.00, '0000-00-00', '0000-00-00'),
(398, 1, 3, 11, 'AK203213000398', 'Ceiling Type AC', 114, 5, 5, 126, 2.00, 0.00, 1, 'Pemb FFNE2019', '2013-10-01', 0.00, '0000-00-00', '0000-00-00'),
(399, 1, 3, 11, 'AK203213000399', 'Wall Mounted AC', 174, 5, 5, 127, 1.00, 0.00, 1, 'Pemb FFNE2019', '2013-10-01', 0.00, '0000-00-00', '0000-00-00'),
(400, 1, 3, 11, 'AK203213000400', 'Ceiling Type AC', 114, 5, 5, 128, 3.00, 0.00, 1, 'Pemb FFNE2019', '2013-10-01', 0.00, '0000-00-00', '0000-00-00'),
(401, 1, 3, 11, 'AK203213000401', 'Split Duct AC', 114, 5, 5, 129, 1.00, 0.00, 1, 'Pemb FFNE2019', '2013-10-01', 0.00, '0000-00-00', '0000-00-00'),
(402, 1, 3, 11, 'AK203213000402', 'Wall Mounted AC', 174, 5, 5, 130, 1.00, 0.00, 1, '', '2013-10-01', 0.00, '0000-00-00', '0000-00-00'),
(403, 1, 3, 11, 'AK203213000403', 'Split Duct AC', 174, 5, 5, 131, 2.00, 0.00, 1, 'Pemb. Juni 2019, B. Opr', '2013-10-01', 0.00, '0000-00-00', '0000-00-00'),
(404, 1, 3, 11, 'AK203213000404', 'Wall Mounted AC', 174, 5, 5, 132, 3.00, 0.00, 1, '', '2013-10-01', 0.00, '0000-00-00', '0000-00-00'),
(405, 1, 3, 11, 'AK203213000405', 'Wall Mounted AC', 174, 5, 5, 133, 1.00, 0.00, 1, '', '2013-10-01', 0.00, '0000-00-00', '0000-00-00'),
(406, 1, 3, 11, 'AK203213000406', 'Split Duct AC', 114, 5, 5, 134, 4.00, 0.00, 1, 'Front of GUEST LIFT - 1 - Need to be repaired', '2013-10-01', 0.00, '0000-00-00', '0000-00-00'),
(407, 1, 3, 11, 'AK203213000407', 'Split Duct AC', 114, 5, 5, 135, 1.00, 0.00, 1, 'Need to be repaired', '2013-10-01', 0.00, '0000-00-00', '0000-00-00'),
(408, 1, 3, 11, 'AK203213000408', 'Split Duct AC', 114, 5, 5, 136, 1.00, 0.00, 1, '', '2013-10-01', 0.00, '0000-00-00', '0000-00-00'),
(409, 1, 3, 11, 'AK203213000409', 'Split Duct AC', 114, 5, 5, 137, 2.00, 0.00, 1, '', '2013-10-01', 0.00, '0000-00-00', '0000-00-00'),
(410, 1, 3, 11, 'AK203213000410', 'Split Duct AC', 114, 5, 5, 138, 2.00, 0.00, 1, '', '2013-10-01', 0.00, '0000-00-00', '0000-00-00'),
(411, 1, 3, 11, 'AK203213000411', 'Split Duct AC', 114, 5, 5, 139, 2.00, 0.00, 1, '', '2013-10-01', 0.00, '0000-00-00', '0000-00-00'),
(412, 1, 3, 11, 'AK203213000412', 'Split Duct AC', 114, 5, 5, 140, 6.00, 0.00, 1, '', '2013-10-01', 0.00, '0000-00-00', '0000-00-00'),
(413, 1, 3, 11, 'AK203213000413', 'Split Duct AC', 114, 5, 5, 141, 3.00, 0.00, 1, '', '2013-10-01', 0.00, '0000-00-00', '0000-00-00'),
(414, 1, 3, 11, 'AK203213000414', 'Split Duct AC', 114, 5, 5, 142, 1.00, 0.00, 1, 'Need to be repaired', '2013-10-01', 0.00, '0000-00-00', '0000-00-00'),
(415, 1, 3, 11, 'AK203213000415', 'Split Duct AC', 114, 5, 5, 143, 2.00, 0.00, 1, '', '2013-10-01', 0.00, '0000-00-00', '0000-00-00'),
(416, 1, 3, 11, 'AK203213000416', 'Split Duct AC', 114, 5, 5, 144, 3.00, 0.00, 1, 'Need to be repaired', '2013-10-01', 0.00, '0000-00-00', '0000-00-00'),
(417, 1, 3, 11, 'AK203213000417', 'Wall Mounted AC', 174, 5, 5, 145, 1.00, 0.00, 1, '', '2013-10-01', 0.00, '0000-00-00', '0000-00-00'),
(418, 1, 3, 11, 'AK203213000418', 'Wall Mounted AC', 174, 5, 5, 146, 1.00, 0.00, 1, 'Need to be repaired', '2013-10-01', 0.00, '0000-00-00', '0000-00-00'),
(419, 1, 3, 11, 'AK203213000419', 'Wall Mounted AC', 174, 5, 5, 147, 1.00, 0.00, 1, 'Need to be repaired', '2013-10-01', 0.00, '0000-00-00', '0000-00-00'),
(420, 1, 3, 11, 'AK203213000420', 'Wall Mounted AC', 174, 5, 5, 148, 1.00, 0.00, 1, '', '2013-10-01', 0.00, '0000-00-00', '0000-00-00'),
(421, 1, 3, 11, 'AK203213000421', 'Wall Mounted AC', 174, 5, 5, 124, 1.00, 0.00, 1, '', '2013-10-01', 0.00, '0000-00-00', '0000-00-00'),
(422, 1, 3, 13, 'AK207213000422', 'Generator Set', 145, 5, 5, 149, 2.00, 0.00, 1, '', '2013-10-01', 0.00, '0000-00-00', '0000-00-00'),
(423, 1, 3, 13, 'AK207213000423', 'Panel Generator Set & Outgoing', 122, 5, 5, 149, 3.00, 0.00, 1, '', '2013-10-01', 0.00, '0000-00-00', '0000-00-00'),
(424, 1, 3, 13, 'AK207213000424', 'Daily Solar Tank', 17, 5, 5, 149, 1.00, 0.00, 1, '', '2013-10-01', 0.00, '0000-00-00', '0000-00-00'),
(425, 1, 3, 13, 'AK207213000425', 'Solar Pump Manual', 133, 5, 5, 149, 1.00, 0.00, 1, '', '2013-10-01', 0.00, '0000-00-00', '0000-00-00'),
(426, 1, 3, 13, 'AK207213000426', 'Solar Pump Machine & Panel', 197, 5, 5, 149, 1.00, 0.00, 1, '', '2013-10-01', 0.00, '0000-00-00', '0000-00-00'),
(427, 1, 3, 13, 'AK207213000427', 'Exhaust Fan & Panel', 84, 5, 5, 149, 1.00, 0.00, 1, '', '2013-10-01', 0.00, '0000-00-00', '0000-00-00'),
(428, 1, 3, 13, 'AK207213000428', 'Storage Solar Tank Cap 6000 Ltr', 133, 5, 5, 149, 1.00, 0.00, 1, '', '2013-10-01', 0.00, '0000-00-00', '0000-00-00'),
(429, 1, 3, 13, 'AK207213000429', 'Panel Incoming Pln', 133, 5, 5, 150, 1.00, 0.00, 1, '', '2013-10-01', 0.00, '0000-00-00', '0000-00-00'),
(430, 1, 3, 13, 'AK207213000430', 'Panel Incoming Generator Set', 133, 5, 5, 150, 1.00, 0.00, 1, '', '2013-10-01', 0.00, '0000-00-00', '0000-00-00'),
(431, 1, 3, 13, 'AK207213000431', 'Panel MDP', 133, 5, 5, 150, 1.00, 0.00, 1, '', '2013-10-01', 0.00, '0000-00-00', '0000-00-00'),
(432, 1, 3, 13, 'AK207213000432', 'Panel Busti', 133, 5, 5, 150, 1.00, 0.00, 1, '', '2013-10-01', 0.00, '0000-00-00', '0000-00-00'),
(433, 1, 3, 13, 'AK207213000433', 'Panel Capasitor Bank', 133, 5, 5, 150, 2.00, 0.00, 1, '', '2013-10-01', 0.00, '0000-00-00', '0000-00-00'),
(434, 1, 3, 13, 'AK207213000434', 'Exhaust Fan & Panel', 9, 5, 5, 150, 1.00, 0.00, 1, '', '2013-10-01', 0.00, '0000-00-00', '0000-00-00'),
(435, 1, 3, 13, 'AK207213000435', 'Trafo 20 Kv', 169, 5, 5, 151, 1.00, 0.00, 1, '', '2013-10-01', 0.00, '0000-00-00', '0000-00-00'),
(436, 1, 3, 13, 'AK207213000436', 'Cubicle 20 Kv & UPS', 168, 5, 5, 151, 1.00, 0.00, 1, '', '2013-10-01', 0.00, '0000-00-00', '0000-00-00'),
(437, 1, 3, 13, 'AK207213000437', 'Pompa Wtp Centrifugal', 38, 5, 5, 152, 3.00, 0.00, 1, '', '2013-10-01', 0.00, '0000-00-00', '0000-00-00'),
(438, 1, 3, 13, 'AK207213000438', 'Panel Pompa WTP', 133, 5, 5, 152, 1.00, 0.00, 1, '', '2013-10-01', 0.00, '0000-00-00', '0000-00-00'),
(439, 1, 3, 13, 'AK207213000439', 'Pompa Transfer Multistage', 59, 5, 5, 152, 2.00, 0.00, 1, '', '2013-10-01', 0.00, '0000-00-00', '0000-00-00'),
(440, 1, 3, 13, 'AK207213000440', 'Panel Pompa Transfer', 57, 5, 5, 152, 2.00, 0.00, 1, '', '2013-10-01', 0.00, '0000-00-00', '0000-00-00'),
(441, 1, 3, 13, 'AK207213000441', 'Pompa Jockey & Panel', 57, 5, 5, 152, 1.00, 0.00, 1, '', '2013-10-01', 0.00, '0000-00-00', '0000-00-00'),
(442, 1, 3, 13, 'AK207213000442', 'Pompa Main Fire & Panel', 57, 5, 5, 152, 1.00, 0.00, 1, '', '2013-10-01', 0.00, '0000-00-00', '0000-00-00'),
(443, 1, 3, 13, 'AK207213000443', 'Diesel Hydrant Pump & Panel', 28, 5, 5, 152, 1.00, 0.00, 1, '', '2013-10-01', 0.00, '0000-00-00', '0000-00-00'),
(444, 1, 3, 13, 'AK207213000444', 'Pompa Sumpit & Panel', 57, 5, 5, 152, 1.00, 0.00, 1, '', '2013-10-01', 0.00, '0000-00-00', '0000-00-00'),
(445, 1, 3, 13, 'AK207213000445', 'Media Water Filter', 31, 5, 5, 153, 4.00, 0.00, 1, '', '2013-10-01', 0.00, '0000-00-00', '0000-00-00'),
(446, 1, 3, 13, 'AK207213000446', 'Water Tank', 18, 5, 5, 153, 4.00, 0.00, 1, '', '2013-10-01', 0.00, '0000-00-00', '0000-00-00'),
(447, 1, 3, 13, 'AK207213000447', 'Koagulant Tank, Mixer, Dosing Pump', 19, 5, 5, 153, 1.00, 0.00, 1, '', '2013-10-01', 0.00, '0000-00-00', '0000-00-00'),
(448, 1, 3, 13, 'AK207213000448', 'Tanki Regenerasi & Pump', 16, 5, 5, 153, 1.00, 0.00, 1, '', '2013-10-01', 0.00, '0000-00-00', '0000-00-00'),
(449, 1, 3, 13, 'AK207213000449', 'Softener Filter', 126, 5, 5, 153, 1.00, 0.00, 1, '', '2013-10-01', 0.00, '0000-00-00', '0000-00-00'),
(450, 1, 3, 13, 'AK207213000450', 'Brine Tank Salt', 20, 5, 5, 153, 1.00, 0.00, 1, '', '2013-10-01', 0.00, '0000-00-00', '0000-00-00'),
(451, 1, 3, 13, 'AK207213000451', 'Deepwell Pump Submersible', 62, 5, 5, 154, 2.00, 0.00, 1, '', '2013-10-01', 0.00, '0000-00-00', '0000-00-00'),
(452, 1, 3, 13, 'AK207213000452', 'Panel Deepwell Pump', 133, 5, 5, 154, 1.00, 0.00, 1, '', '2013-10-01', 0.00, '0000-00-00', '0000-00-00'),
(453, 1, 3, 13, 'AK207213000453', 'Pump Rain Water', 133, 5, 5, 154, 2.00, 0.00, 1, 'Need to be repaired', '2013-10-01', 0.00, '0000-00-00', '0000-00-00'),
(454, 1, 3, 13, 'AK207213000454', 'Panel Rain Water', 133, 5, 5, 154, 1.00, 0.00, 1, '', '2013-10-01', 0.00, '0000-00-00', '0000-00-00'),
(455, 1, 3, 13, 'AK207213000455', 'Grease Trap Pump', 133, 5, 5, 154, 1.00, 0.00, 1, '', '2013-10-01', 0.00, '0000-00-00', '0000-00-00'),
(456, 1, 3, 13, 'AK207213000456', 'Pump Waterwall Entrance', 133, 5, 5, 154, 1.00, 0.00, 1, '', '2013-10-01', 0.00, '0000-00-00', '0000-00-00'),
(457, 1, 3, 13, 'AK207213000457', 'Pump Plaza Area', 144, 5, 5, 154, 3.00, 0.00, 1, '', '2013-10-01', 0.00, '0000-00-00', '0000-00-00'),
(458, 1, 3, 13, 'AK207213000458', 'Sand Filter Plaza Area', 48, 5, 5, 154, 1.00, 0.00, 1, '', '2013-10-01', 0.00, '0000-00-00', '0000-00-00'),
(459, 1, 3, 13, 'AK207213000459', 'Panel Plaza Pump', 133, 5, 5, 154, 1.00, 0.00, 1, '', '2013-10-01', 0.00, '0000-00-00', '0000-00-00'),
(460, 1, 3, 11, 'AK203213000460', 'Wall Mounted AC', 174, 5, 5, 155, 0.00, 0.00, 2, 'Pemb FFNE2019', '2013-10-01', 0.00, '0000-00-00', '0000-00-00'),
(461, 1, 3, 13, 'AK207213000461', 'Pump Collecting Tank', 57, 5, 5, 156, 3.00, 0.00, 1, '', '2013-10-01', 0.00, '0000-00-00', '0000-00-00'),
(462, 1, 3, 13, 'AK207213000462', 'Panel Pump Collecting Tank', 133, 5, 5, 156, 2.00, 0.00, 1, '', '2013-10-01', 0.00, '0000-00-00', '0000-00-00'),
(463, 1, 3, 13, 'AK207213000463', 'Jet Aerator/ Blower', 133, 5, 5, 156, 2.00, 0.00, 1, '', '2013-10-01', 0.00, '0000-00-00', '0000-00-00'),
(464, 1, 3, 13, 'AK207213000464', 'Panel STP', 133, 5, 5, 156, 2.00, 0.00, 1, 'Pemb FFNE2019', '2013-10-01', 0.00, '0000-00-00', '0000-00-00'),
(465, 1, 3, 13, 'AK207213000465', 'Pump Circulation Swimming Pool', 144, 5, 5, 157, 3.00, 0.00, 1, '', '2013-10-01', 0.00, '0000-00-00', '0000-00-00'),
(466, 1, 3, 13, 'AK207213000466', 'Panel Pool Pump', 133, 5, 5, 157, 1.00, 0.00, 1, '', '2013-10-01', 0.00, '0000-00-00', '0000-00-00'),
(467, 1, 3, 13, 'AK207213000467', 'Sand Filter Pool', 144, 5, 5, 157, 2.00, 0.00, 1, '', '2013-10-01', 0.00, '0000-00-00', '0000-00-00'),
(468, 1, 3, 13, 'AK207213000468', 'Pump Waterwall Pool', 144, 5, 5, 157, 2.00, 0.00, 1, '1 pompa short and need to be repaired', '2013-10-01', 0.00, '0000-00-00', '0000-00-00'),
(469, 1, 3, 13, 'AK207213000469', 'Panel Waterwall Pool', 133, 5, 5, 157, 1.00, 0.00, 1, '', '2013-10-01', 0.00, '0000-00-00', '0000-00-00'),
(470, 1, 3, 13, 'AK207213000470', 'Roof Water Tank Cap 20 M3', 133, 5, 5, 158, 1.00, 0.00, 1, '', '2013-10-01', 0.00, '0000-00-00', '0000-00-00'),
(471, 1, 3, 13, 'AK207213000471', 'Roof Water Tank Cap 5,3 M3', 133, 5, 5, 158, 1.00, 0.00, 1, '', '2013-10-01', 0.00, '0000-00-00', '0000-00-00'),
(472, 1, 3, 13, 'AK207213000472', 'Pump Boster Multistage', 58, 5, 5, 158, 3.00, 0.00, 1, '', '2013-10-01', 0.00, '0000-00-00', '0000-00-00'),
(473, 1, 3, 13, 'AK207213000473', 'Panel Pump Boster', 57, 5, 5, 158, 1.00, 0.00, 1, '', '2013-10-01', 0.00, '0000-00-00', '0000-00-00'),
(474, 1, 3, 13, 'AK207213000474', 'Heat Pump', 66, 5, 5, 159, 1.00, 0.00, 1, '', '2013-10-01', 0.00, '0000-00-00', '0000-00-00'),
(475, 1, 3, 13, 'AK207213000475', 'Panel Heat Pump', 57, 5, 5, 159, 1.00, 0.00, 1, '', '2013-10-01', 0.00, '0000-00-00', '0000-00-00'),
(476, 1, 3, 13, 'AK207213000476', 'Hot Water Tank Cap 3 M3', 63, 5, 5, 159, 1.00, 0.00, 1, 'Need to be repaired', '2013-10-01', 0.00, '0000-00-00', '0000-00-00'),
(477, 1, 3, 13, 'AK207213000477', 'Hot Water Tank Cap 2 M3', 184, 5, 5, 159, 2.00, 0.00, 1, '', '2013-10-01', 0.00, '0000-00-00', '0000-00-00'),
(478, 1, 3, 13, 'AK207213000478', 'Circulation Heating Pump Multistage', 60, 5, 5, 159, 6.00, 0.00, 1, 'Need to be repaired - 2', '2013-10-01', 0.00, '0000-00-00', '0000-00-00'),
(479, 1, 3, 13, 'AK207213000479', 'Return Hot Water Pump', 61, 5, 5, 159, 2.00, 0.00, 1, '', '2013-10-01', 0.00, '0000-00-00', '0000-00-00'),
(480, 1, 3, 13, 'AK207213000480', 'Panel Roof Top', 133, 5, 5, 160, 1.00, 0.00, 1, '', '2013-10-01', 0.00, '0000-00-00', '0000-00-00'),
(481, 1, 3, 13, 'AK207213000481', 'Preasurrized Fan', 147, 5, 5, 161, 3.00, 0.00, 1, '', '2013-10-01', 0.00, '0000-00-00', '0000-00-00'),
(482, 1, 3, 13, 'AK207213000482', 'Exhaust Fan', 27, 5, 5, 162, 4.00, 0.00, 1, '', '2013-10-01', 0.00, '0000-00-00', '0000-00-00'),
(483, 1, 3, 13, 'AK207213000483', 'Exhaust Fan Guest Area', 27, 5, 5, 160, 11.00, 0.00, 1, '', '2013-10-01', 0.00, '0000-00-00', '0000-00-00'),
(484, 1, 3, 13, 'AK207213000484', 'Exhaust Fan', 27, 5, 5, 163, 3.00, 0.00, 1, '', '2013-10-01', 0.00, '0000-00-00', '0000-00-00'),
(485, 1, 3, 13, 'AK207213000485', 'Exhaust Fan Laundry', 27, 5, 5, 164, 1.00, 0.00, 1, '', '2013-10-01', 0.00, '0000-00-00', '0000-00-00'),
(486, 1, 3, 13, 'AK207213000486', 'Elevator', 139, 5, 5, 165, 4.00, 0.00, 1, '', '2013-10-01', 0.00, '0000-00-00', '0000-00-00'),
(487, 1, 2, 9, 'AK107113000487', 'Telephone PABX', 206, 5, 5, 166, 3.00, 0.00, 1, '', '2013-10-01', 0.00, '0000-00-00', '0000-00-00'),
(488, 1, 3, 11, 'AK203213000488', 'Mdf Panel', 133, 5, 5, 166, 1.00, 0.00, 1, '', '2013-10-01', 0.00, '0000-00-00', '0000-00-00'),
(489, 1, 3, 11, 'AK203213000489', 'TB Panel Each Floor', 133, 5, 5, 165, 6.00, 0.00, 1, '', '2013-10-01', 0.00, '0000-00-00', '0000-00-00'),
(490, 1, 3, 11, 'AK203213000490', 'Cctv Dvr 16 Channel Hdd 2tb', 159, 5, 5, 166, 4.00, 0.00, 1, '', '2013-10-01', 0.00, '0000-00-00', '0000-00-00'),
(491, 1, 3, 11, 'AK203213000491', 'Monitor CCTV', 162, 5, 5, 112, 4.00, 0.00, 1, '', '2013-10-01', 0.00, '0000-00-00', '0000-00-00'),
(492, 1, 3, 11, 'AK203213000492', 'Cctv Camera Dome', 160, 5, 5, 165, 48.00, 0.00, 1, '', '2013-10-01', 0.00, '0000-00-00', '0000-00-00'),
(493, 1, 3, 11, 'AK203213000493', 'Cctv Camera Outdoor', 161, 5, 5, 165, 15.00, 0.00, 1, '', '2013-10-01', 0.00, '0000-00-00', '0000-00-00'),
(494, 1, 2, 9, 'AK107113000494', 'Keyboard Controller Cctv', 133, 5, 5, 112, 1.00, 0.00, 1, '', '2013-10-01', 0.00, '0000-00-00', '0000-00-00'),
(495, 1, 2, 9, 'AK107113000495', 'Public Annoucer System & Carcall', 133, 5, 5, 166, 1.00, 0.00, 1, '', '2013-10-01', 0.00, '0000-00-00', '0000-00-00'),
(496, 1, 2, 9, 'AK107113000496', 'Microphone PA System', 12, 5, 5, 167, 1.00, 0.00, 1, '', '2013-10-01', 0.00, '0000-00-00', '0000-00-00'),
(497, 1, 2, 9, 'AK107113000497', 'Microphone Car Call', 12, 5, 5, 167, 1.00, 0.00, 1, '', '2013-10-01', 0.00, '0000-00-00', '0000-00-00'),
(498, 1, 3, 13, 'AK207213000498', 'MCFA System', 12, 5, 5, 166, 1.00, 0.00, 1, '', '2013-10-01', 0.00, '0000-00-00', '0000-00-00'),
(499, 1, 3, 11, 'AK203213000499', 'Ennuciator ', 12, 5, 5, 112, 1.00, 0.00, 1, '', '2013-10-01', 0.00, '0000-00-00', '0000-00-00'),
(500, 1, 3, 13, 'AK207213000500', 'Sand Filter Water Wall+Panel', 133, 5, 5, 168, 1.00, 0.00, 1, '', '2013-10-01', 0.00, '0000-00-00', '0000-00-00'),
(501, 1, 3, 13, 'AK207213000501', 'Air Compressor', 97, 5, 5, 99, 1.00, 0.00, 1, '', '2013-10-01', 0.00, '0000-00-00', '0000-00-00'),
(502, 1, 3, 13, 'AK207213000502', 'Bench Grinder', 30, 5, 5, 99, 1.00, 0.00, 1, '', '2013-10-01', 0.00, '0000-00-00', '0000-00-00'),
(503, 1, 3, 13, 'AK207213000503', 'Concrete/Tile Cutter', 118, 5, 5, 99, 1.00, 0.00, 1, '', '2013-10-01', 0.00, '0000-00-00', '0000-00-00'),
(504, 1, 3, 13, 'AK207213000504', 'Finishing Sander', 118, 5, 5, 99, 1.00, 0.00, 1, '', '2013-10-01', 0.00, '0000-00-00', '0000-00-00'),
(505, 1, 3, 13, 'AK207213000505', 'Gas Welding Complete', 97, 5, 5, 99, 1.00, 0.00, 1, '', '2013-10-01', 0.00, '0000-00-00', '0000-00-00'),
(506, 1, 3, 13, 'AK207213000506', 'Heater PPR', 213, 5, 5, 99, 1.00, 0.00, 1, '', '2013-10-01', 0.00, '0000-00-00', '0000-00-00'),
(507, 1, 3, 13, 'AK207213000507', 'High Preassure Cleaner', 99, 5, 5, 99, 1.00, 0.00, 1, '', '2013-10-01', 0.00, '0000-00-00', '0000-00-00'),
(508, 1, 3, 13, 'AK207213000508', 'Hot Air Gun', 118, 5, 5, 99, 1.00, 0.00, 1, '', '2013-10-01', 0.00, '0000-00-00', '0000-00-00'),
(509, 1, 3, 13, 'AK207213000509', 'Impact Driver', 118, 5, 5, 99, 1.00, 0.00, 1, '', '2013-10-01', 0.00, '0000-00-00', '0000-00-00'),
(510, 1, 3, 13, 'AK207213000510', 'Jig Saw', 118, 5, 5, 99, 1.00, 0.00, 1, '', '2013-10-01', 0.00, '0000-00-00', '0000-00-00'),
(511, 1, 3, 13, 'AK207213000511', 'Nitrogen Tube And Regulator', 133, 5, 5, 99, 1.00, 0.00, 1, '', '2013-10-01', 0.00, '0000-00-00', '0000-00-00'),
(512, 1, 3, 13, 'AK207213000512', 'Power Planner/ Serut', 118, 5, 5, 99, 1.00, 0.00, 1, '', '2013-10-01', 0.00, '0000-00-00', '0000-00-00'),
(513, 1, 3, 13, 'AK207213000513', 'Ridgid Cleaner', 153, 5, 5, 99, 1.00, 0.00, 1, 'Need to be repaired', '2013-10-01', 0.00, '0000-00-00', '0000-00-00'),
(514, 1, 3, 13, 'AK207213000514', 'Rotary Hammer', 118, 5, 5, 99, 1.00, 0.00, 1, '', '2013-10-01', 0.00, '0000-00-00', '0000-00-00'),
(515, 1, 3, 13, 'AK207213000515', 'Standing Drill', 30, 5, 5, 99, 1.00, 0.00, 1, '', '2013-10-01', 0.00, '0000-00-00', '0000-00-00'),
(516, 1, 3, 13, 'AK207213000516', 'Stick Welding Machine', 97, 5, 5, 99, 1.00, 0.00, 1, '', '2013-10-01', 0.00, '0000-00-00', '0000-00-00'),
(517, 1, 3, 13, 'AK207213000517', 'Vacuum AC Pump', 8, 5, 5, 99, 1.00, 0.00, 1, '', '2013-10-01', 0.00, '0000-00-00', '0000-00-00'),
(518, 1, 3, 13, 'AK207213000518', 'Cable Locator', 97, 5, 5, 99, 1.00, 0.00, 1, '', '2013-10-01', 0.00, '0000-00-00', '0000-00-00'),
(519, 1, 3, 13, 'AK207213000519', 'Chlorine Meter', 46, 5, 5, 99, 1.00, 0.00, 1, '', '2013-10-01', 0.00, '0000-00-00', '0000-00-00'),
(520, 1, 3, 13, 'AK207213000520', 'Gas Acetylin Regulator', 133, 5, 5, 99, 1.00, 0.00, 1, 'Di pinjam FSB', '2013-10-01', 0.00, '0000-00-00', '0000-00-00'),
(521, 1, 3, 13, 'AK207213000521', 'IR Thermometer', 133, 5, 5, 99, 1.00, 0.00, 1, '', '2013-10-01', 0.00, '0000-00-00', '0000-00-00'),
(522, 1, 3, 13, 'AK207213000522', 'Manifold Gauge AC', 209, 5, 5, 99, 1.00, 0.00, 1, '', '2013-10-01', 0.00, '0000-00-00', '0000-00-00'),
(523, 1, 3, 13, 'AK207213000523', 'Multi Tester', 47, 5, 5, 99, 1.00, 0.00, 1, '', '2013-10-01', 0.00, '0000-00-00', '0000-00-00'),
(524, 1, 3, 13, 'AK207213000524', 'Multi Tester', 190, 5, 5, 99, 1.00, 0.00, 1, '', '2013-10-01', 0.00, '0000-00-00', '0000-00-00'),
(525, 1, 3, 13, 'AK207213000525', 'Ph Meter', 47, 5, 5, 99, 1.00, 0.00, 1, '', '2013-10-01', 0.00, '0000-00-00', '0000-00-00'),
(526, 1, 3, 13, 'AK207213000526', 'Sound Level', 97, 5, 5, 99, 1.00, 0.00, 1, '', '2013-10-01', 0.00, '0000-00-00', '0000-00-00'),
(527, 1, 3, 13, 'AK207213000527', 'Spirit Level Yellow', 97, 5, 5, 99, 1.00, 0.00, 1, '', '2013-10-01', 0.00, '0000-00-00', '0000-00-00'),
(528, 1, 3, 13, 'AK207213000528', 'Tape Meter', 92, 5, 5, 99, 1.00, 0.00, 1, '', '2013-10-01', 0.00, '0000-00-00', '0000-00-00'),
(529, 1, 3, 13, 'AK207213000529', 'TDS Meter', 46, 5, 5, 99, 1.00, 0.00, 1, '', '2013-10-01', 0.00, '0000-00-00', '0000-00-00'),
(530, 1, 3, 13, 'AK207213000530', 'Thermomter Pen', 97, 5, 5, 99, 1.00, 0.00, 1, '', '2013-10-01', 0.00, '0000-00-00', '0000-00-00'),
(531, 1, 3, 13, 'AK207213000531', 'Acyteline Hose', 97, 5, 5, 99, 1.00, 0.00, 1, '', '2013-10-01', 0.00, '0000-00-00', '0000-00-00'),
(532, 1, 3, 13, 'AK207213000532', 'Adjustable Wrench', 194, 5, 5, 99, 1.00, 0.00, 1, '', '2013-10-01', 0.00, '0000-00-00', '0000-00-00'),
(533, 1, 3, 13, 'AK207213000533', 'Air Tools Kit', 133, 5, 5, 99, 1.00, 0.00, 1, '', '2013-10-01', 0.00, '0000-00-00', '0000-00-00'),
(534, 1, 3, 13, 'AK207213000534', 'Aviation Snip Pliers/ Gunting Plat', 133, 5, 5, 99, 1.00, 0.00, 1, '', '2013-10-01', 0.00, '0000-00-00', '0000-00-00'),
(535, 1, 3, 13, 'AK207213000535', 'Ballpoin Hexkey Wrench/ Kunci L', 133, 5, 5, 99, 2.00, 0.00, 2, 'Incomplete', '2013-10-01', 0.00, '0000-00-00', '0000-00-00'),
(536, 1, 3, 13, 'AK207213000536', 'Belt Wrench', 153, 5, 5, 99, 1.00, 0.00, 1, '', '2013-10-01', 0.00, '0000-00-00', '0000-00-00'),
(537, 1, 3, 13, 'AK207213000537', 'Cable Reel', 133, 5, 5, 99, 2.00, 0.00, 1, '', '2013-10-01', 0.00, '0000-00-00', '0000-00-00'),
(538, 1, 3, 13, 'AK207213000538', 'Capenter Try Square', 11, 5, 5, 99, 1.00, 0.00, 1, '', '2013-10-01', 0.00, '0000-00-00', '0000-00-00'),
(539, 1, 3, 13, 'AK207213000539', 'Chain Pipe Wrench', 133, 5, 5, 99, 1.00, 0.00, 1, '', '2013-10-01', 0.00, '0000-00-00', '0000-00-00'),
(540, 1, 3, 13, 'AK207213000540', 'Charger Battery 12v', 86, 5, 5, 99, 1.00, 0.00, 1, '', '2013-10-01', 0.00, '0000-00-00', '0000-00-00'),
(541, 1, 3, 13, 'AK207213000541', 'Combination Duty Pliers', 133, 5, 5, 99, 2.00, 0.00, 1, '', '2013-10-01', 0.00, '0000-00-00', '0000-00-00'),
(542, 1, 3, 13, 'AK207213000542', 'Combination Wrench', 133, 5, 5, 99, 1.00, 0.00, 1, '1 Set - Incomplete', '2013-10-01', 0.00, '0000-00-00', '0000-00-00'),
(543, 1, 3, 13, 'AK207213000543', 'Crimping Telephone', 97, 5, 5, 99, 1.00, 0.00, 1, '', '2013-10-01', 0.00, '0000-00-00', '0000-00-00'),
(544, 1, 3, 13, 'AK207213000544', 'Earmuff', 133, 5, 5, 99, 2.00, 0.00, 1, '', '2013-10-01', 0.00, '0000-00-00', '0000-00-00'),
(545, 1, 3, 13, 'AK207213000545', 'Electrician Screwdriver', 133, 5, 5, 99, 1.00, 0.00, 2, '1 Set - Incomplete', '2013-10-01', 0.00, '0000-00-00', '0000-00-00'),
(546, 1, 3, 13, 'AK207213000546', 'Electrician Screwdriver Tool Box', 97, 5, 5, 99, 1.00, 0.00, 2, '1 Set - Incomplete', '2013-10-01', 0.00, '0000-00-00', '0000-00-00'),
(547, 1, 3, 13, 'AK207213000547', 'F Clamp', 97, 5, 5, 99, 1.00, 0.00, 1, '', '2013-10-01', 0.00, '0000-00-00', '0000-00-00'),
(548, 1, 3, 13, 'AK207213000548', 'File Set/ Kikir', 97, 5, 5, 99, 1.00, 0.00, 1, '', '2013-10-01', 0.00, '0000-00-00', '0000-00-00'),
(549, 1, 3, 13, 'AK207213000549', 'Flaring Pipe AC', 65, 5, 5, 99, 1.00, 0.00, 1, '', '2013-10-01', 0.00, '0000-00-00', '0000-00-00'),
(550, 1, 3, 13, 'AK207213000550', 'Full Body Harness', 97, 5, 5, 99, 2.00, 0.00, 1, '', '2013-10-01', 0.00, '0000-00-00', '0000-00-00'),
(551, 1, 3, 13, 'AK207213000551', 'Grease Gun', 91, 5, 5, 99, 2.00, 0.00, 1, '', '2013-10-01', 0.00, '0000-00-00', '0000-00-00'),
(552, 1, 3, 13, 'AK207213000552', 'Grove Joint Pliers', 97, 5, 5, 99, 1.00, 0.00, 1, '', '2013-10-01', 0.00, '0000-00-00', '0000-00-00'),
(553, 1, 3, 13, 'AK207213000553', 'Hacksaw', 133, 5, 5, 99, 2.00, 0.00, 1, '', '2013-10-01', 0.00, '0000-00-00', '0000-00-00'),
(554, 1, 3, 13, 'AK207213000554', 'Halfmask Respirator', 97, 5, 5, 99, 1.00, 0.00, 1, '', '2013-10-01', 0.00, '0000-00-00', '0000-00-00'),
(555, 1, 3, 13, 'AK207213000555', 'Hand Rivet', 91, 5, 5, 99, 1.00, 0.00, 1, '', '2013-10-01', 0.00, '0000-00-00', '0000-00-00'),
(556, 1, 3, 13, 'AK207213000556', 'Handsaw', 133, 5, 5, 99, 1.00, 0.00, 1, '', '2013-10-01', 0.00, '0000-00-00', '0000-00-00'),
(557, 1, 3, 13, 'AK207213000557', 'Heavy Duty Diagonal Cutting Pliers', 194, 5, 5, 99, 1.00, 0.00, 1, '', '2013-10-01', 0.00, '0000-00-00', '0000-00-00'),
(558, 1, 3, 13, 'AK207213000558', 'Heavy Duty End Cutting Pliers', 133, 5, 5, 99, 1.00, 0.00, 1, '', '2013-10-01', 0.00, '0000-00-00', '0000-00-00'),
(559, 1, 3, 13, 'AK207213000559', 'Holesaw Kit', 133, 5, 5, 99, 1.00, 0.00, 1, '', '2013-10-01', 0.00, '0000-00-00', '0000-00-00'),
(560, 1, 3, 13, 'AK207213000560', 'Kaca Mata Clear', 133, 5, 5, 99, 2.00, 0.00, 1, '', '2013-10-01', 0.00, '0000-00-00', '0000-00-00'),
(561, 1, 3, 13, 'AK207213000561', 'Ladder', 133, 5, 5, 99, 4.00, 0.00, 1, '', '2013-10-01', 0.00, '0000-00-00', '0000-00-00'),
(562, 1, 3, 13, 'AK207213000562', 'Locking Pliers Curved Jaw', 193, 5, 5, 99, 1.00, 0.00, 1, '', '2013-10-01', 0.00, '0000-00-00', '0000-00-00'),
(563, 1, 3, 13, 'AK207213000563', 'Locking Pliers Straight Jaw', 133, 5, 5, 99, 1.00, 0.00, 1, '', '2013-10-01', 0.00, '0000-00-00', '0000-00-00'),
(564, 1, 3, 13, 'AK207213000564', 'LSA Krone', 98, 5, 5, 99, 1.00, 0.00, 1, '', '2013-10-01', 0.00, '0000-00-00', '0000-00-00'),
(565, 1, 3, 13, 'AK207213000565', 'Pipe Cutter', 133, 5, 5, 99, 1.00, 0.00, 1, '', '2013-10-01', 0.00, '0000-00-00', '0000-00-00'),
(566, 1, 3, 13, 'AK207213000566', 'Pipe Vise', 153, 5, 5, 99, 1.00, 0.00, 1, '', '2013-10-01', 0.00, '0000-00-00', '0000-00-00'),
(567, 1, 3, 13, 'AK207213000567', 'Plunger Closet', 37, 5, 5, 99, 1.00, 0.00, 1, '', '2013-10-01', 0.00, '0000-00-00', '0000-00-00'),
(568, 1, 3, 13, 'AK207213000568', 'Punch And Chisel', 133, 5, 5, 99, 1.00, 0.00, 1, '', '2013-10-01', 0.00, '0000-00-00', '0000-00-00'),
(569, 1, 3, 13, 'AK207213000569', 'Rainboot', 97, 5, 5, 99, 2.00, 0.00, 1, '', '2013-10-01', 0.00, '0000-00-00', '0000-00-00'),
(570, 1, 3, 13, 'AK207213000570', 'Rechargeable Torch', 50, 5, 5, 99, 1.00, 0.00, 1, '', '2013-10-01', 0.00, '0000-00-00', '0000-00-00'),
(571, 1, 3, 13, 'AK207213000571', 'Safety Belt', 97, 5, 5, 99, 2.00, 0.00, 1, '', '2013-10-01', 0.00, '0000-00-00', '0000-00-00'),
(572, 1, 3, 13, 'AK207213000572', 'Scafolding', 133, 5, 5, 99, 3.00, 0.00, 1, '', '2013-10-01', 0.00, '0000-00-00', '0000-00-00'),
(573, 1, 3, 13, 'AK207213000573', 'Screwdriver Mechanic', 133, 5, 5, 99, 1.00, 0.00, 1, '', '2013-10-01', 0.00, '0000-00-00', '0000-00-00'),
(574, 1, 3, 13, 'AK207213000574', 'SDS Mansory Drill', 133, 5, 5, 99, 1.00, 0.00, 1, '', '2013-10-01', 0.00, '0000-00-00', '0000-00-00'),
(575, 1, 3, 13, 'AK207213000575', 'Sealant Gun', 133, 5, 5, 99, 2.00, 0.00, 1, '', '2013-10-01', 0.00, '0000-00-00', '0000-00-00'),
(576, 1, 3, 13, 'AK207213000576', 'Socket Wrench Metric Small', 106, 5, 5, 99, 1.00, 0.00, 1, '', '2013-10-01', 0.00, '0000-00-00', '0000-00-00'),
(577, 1, 3, 13, 'AK207213000577', 'Spray Gun Hvlp', 214, 5, 5, 99, 2.00, 0.00, 1, '', '2013-10-01', 0.00, '0000-00-00', '0000-00-00'),
(578, 1, 3, 13, 'AK207213000578', 'Spring Bender', 133, 5, 5, 99, 1.00, 0.00, 1, '', '2013-10-01', 0.00, '0000-00-00', '0000-00-00'),
(579, 1, 3, 13, 'AK207213000579', 'Standard Double Box End Wreng/ Ring', 133, 5, 5, 99, 1.00, 0.00, 1, '1 Set - Incomplete', '2013-10-01', 0.00, '0000-00-00', '0000-00-00'),
(580, 1, 3, 13, 'AK207213000580', 'Stapler Gun', 133, 5, 5, 99, 1.00, 0.00, 1, 'Di pinjam FSB', '2013-10-01', 0.00, '0000-00-00', '0000-00-00'),
(581, 1, 3, 13, 'AK207213000581', 'Stoning Hammer', 97, 5, 5, 99, 1.00, 0.00, 1, '', '2013-10-01', 0.00, '0000-00-00', '0000-00-00'),
(582, 1, 3, 13, 'AK207213000582', 'Suction Lifter', 97, 5, 5, 99, 1.00, 0.00, 1, '', '2013-10-01', 0.00, '0000-00-00', '0000-00-00'),
(583, 1, 3, 13, 'AK207213000583', 'Tap And Die Set/ Tap', 133, 5, 5, 99, 1.00, 0.00, 1, '', '2013-10-01', 0.00, '0000-00-00', '0000-00-00'),
(584, 1, 3, 13, 'AK207213000584', 'Tool Storage Portable', 97, 5, 5, 99, 1.00, 0.00, 1, '', '2013-10-01', 0.00, '0000-00-00', '0000-00-00'),
(585, 1, 3, 13, 'AK207213000585', 'Welding Gloves', 133, 5, 5, 99, 1.00, 0.00, 1, '', '2013-10-01', 0.00, '0000-00-00', '0000-00-00'),
(586, 1, 3, 13, 'AK207213000586', 'Welding Handsheld', 133, 5, 5, 99, 1.00, 0.00, 1, '', '2013-10-01', 0.00, '0000-00-00', '0000-00-00'),
(587, 1, 3, 13, 'AK207213000587', 'Wooden Chisel', 133, 5, 5, 99, 1.00, 0.00, 1, '', '2013-10-01', 0.00, '0000-00-00', '0000-00-00'),
(588, 1, 3, 13, 'AK207213000588', 'Working Lamp Small', 97, 5, 5, 99, 1.00, 0.00, 1, '', '2013-10-01', 0.00, '0000-00-00', '0000-00-00'),
(589, 1, 3, 13, 'AK207213000589', 'Working Lamp Standing', 133, 5, 5, 99, 1.00, 0.00, 1, 'Pemb. Mei 2019, B. Opr', '2013-10-01', 0.00, '0000-00-00', '0000-00-00'),
(590, 1, 3, 13, 'AK207213000590', 'Wrecking Bar/ Linggis', 133, 5, 5, 99, 2.00, 0.00, 1, 'Pemb FFNE2019', '2013-10-01', 0.00, '0000-00-00', '0000-00-00'),
(591, 1, 3, 13, 'AK207213000591', 'Tabung Lpg 50kg', 133, 5, 5, 169, 10.00, 0.00, 1, 'Pemb FFNE2019', '2013-10-01', 0.00, '0000-00-00', '0000-00-00'),
(592, 1, 3, 13, 'AK207213000592', 'Panel Cable Pa', 133, 5, 5, 150, 6.00, 0.00, 1, 'Pemb FFNE2019', '2013-10-01', 0.00, '0000-00-00', '0000-00-00'),
(593, 1, 3, 13, 'AK207213000593', 'Panel Fa', 133, 5, 5, 165, 6.00, 0.00, 1, 'Pemb FFNE2019', '2013-10-01', 0.00, '0000-00-00', '0000-00-00'),
(594, 1, 3, 11, 'AK203213000594', 'Exhaust Wall', 133, 5, 5, 170, 1.00, 0.00, 1, '', '2013-10-01', 0.00, '0000-00-00', '0000-00-00'),
(595, 1, 3, 11, 'AK203213000595', 'Exhaust Ceiling', 133, 5, 5, 171, 1.00, 0.00, 1, '', '2013-10-01', 0.00, '0000-00-00', '0000-00-00'),
(596, 1, 3, 11, 'AK203213000596', 'Exhaust Ceiling', 133, 5, 5, 172, 0.00, 0.00, 1, '', '2013-10-01', 0.00, '0000-00-00', '0000-00-00'),
(597, 1, 3, 13, 'AK207213000597', 'Panel Sdp Gedung', 133, 5, 5, 173, 1.00, 0.00, 1, '', '2013-10-01', 0.00, '0000-00-00', '0000-00-00'),
(598, 1, 3, 13, 'AK207213000598', 'Panel Sdp Fire', 133, 5, 5, 173, 1.00, 0.00, 1, '', '2013-10-01', 0.00, '0000-00-00', '0000-00-00'),
(599, 1, 3, 13, 'AK207213000599', 'Panel Penerangan Semi Basement', 133, 5, 5, 173, 1.00, 0.00, 1, '', '2013-10-01', 0.00, '0000-00-00', '0000-00-00'),
(600, 1, 3, 13, 'AK207213000600', 'Panel Semi Basement', 133, 5, 5, 173, 1.00, 0.00, 1, '', '2013-10-01', 0.00, '0000-00-00', '0000-00-00'),
(601, 1, 3, 13, 'AK207213000601', 'Panel Landscape', 133, 5, 5, 173, 1.00, 0.00, 1, '', '2013-10-01', 0.00, '0000-00-00', '0000-00-00'),
(602, 1, 3, 13, 'AK207213000602', 'Panel Laundry', 133, 5, 5, 173, 2.00, 0.00, 1, '', '2013-10-01', 0.00, '0000-00-00', '0000-00-00'),
(603, 1, 3, 13, 'AK207213000603', 'Panel Facade', 133, 5, 5, 173, 1.00, 0.00, 1, '', '2013-10-01', 0.00, '0000-00-00', '0000-00-00'),
(604, 1, 3, 13, 'AK207213000604', 'Panel Emergency Door', 133, 5, 5, 173, 1.00, 0.00, 1, '', '2013-10-01', 0.00, '0000-00-00', '0000-00-00'),
(605, 1, 3, 13, 'AK207213000605', 'Panel Water Level', 133, 5, 5, 173, 1.00, 0.00, 1, '', '2013-10-01', 0.00, '0000-00-00', '0000-00-00'),
(606, 1, 3, 13, 'AK207213000606', 'Panel Pump Room Hydrant', 133, 5, 5, 173, 1.00, 0.00, 1, '', '2013-10-01', 0.00, '0000-00-00', '0000-00-00'),
(607, 1, 3, 13, 'AK207213000607', 'Panel Pump Room Pool', 133, 5, 5, 174, 1.00, 0.00, 1, '', '2013-10-01', 0.00, '0000-00-00', '0000-00-00'),
(608, 1, 3, 13, 'AK207213000608', 'Panel Pool Lighting', 133, 5, 5, 174, 1.00, 0.00, 1, '', '2013-10-01', 0.00, '0000-00-00', '0000-00-00'),
(609, 1, 3, 13, 'AK207213000609', 'Panel Pool Deck Area', 133, 5, 5, 174, 1.00, 0.00, 1, '', '2013-10-01', 0.00, '0000-00-00', '0000-00-00'),
(610, 1, 3, 13, 'AK207213000610', 'Panel Electric Lt 1', 133, 5, 5, 175, 1.00, 0.00, 1, '', '2013-10-01', 0.00, '0000-00-00', '0000-00-00'),
(611, 1, 3, 13, 'AK207213000611', 'Panel Kundika', 133, 5, 5, 175, 1.00, 0.00, 1, '', '2013-10-01', 0.00, '0000-00-00', '0000-00-00'),
(612, 1, 3, 13, 'AK207213000612', 'Panel Bujana', 133, 5, 5, 175, 1.00, 0.00, 1, '', '2013-10-01', 0.00, '0000-00-00', '0000-00-00'),
(613, 1, 3, 13, 'AK207213000613', 'Panel Electric Lt 2', 133, 5, 5, 176, 1.00, 0.00, 1, '', '2013-10-01', 0.00, '0000-00-00', '0000-00-00'),
(614, 1, 3, 13, 'AK207213000614', 'Panel Electric Lt 3', 133, 5, 5, 177, 1.00, 0.00, 1, '', '2013-10-01', 0.00, '0000-00-00', '0000-00-00'),
(615, 1, 3, 13, 'AK207213000615', 'Panel Electric Lt 5', 133, 5, 5, 178, 1.00, 0.00, 1, '', '2013-10-01', 0.00, '0000-00-00', '0000-00-00'),
(616, 1, 3, 13, 'AK207213000616', 'Panel Electric Lt 6', 133, 5, 5, 179, 1.00, 0.00, 1, '', '2013-10-01', 0.00, '0000-00-00', '0000-00-00'),
(617, 1, 3, 13, 'AK207213000617', 'Panel Lift', 133, 5, 5, 179, 1.00, 0.00, 1, '', '2013-10-01', 0.00, '0000-00-00', '0000-00-00'),
(618, 1, 3, 13, 'AK207213000618', 'Panel Lift Fire', 133, 5, 5, 179, 1.00, 0.00, 1, '', '2013-10-01', 0.00, '0000-00-00', '0000-00-00'),
(619, 1, 3, 11, 'AK203213000619', 'Wall Mounted AC', 174, 5, 5, 180, 1.00, 0.00, 1, '', '2013-10-01', 0.00, '0000-00-00', '0000-00-00'),
(620, 1, 3, 11, 'AK203213000620', 'Wall Mounted AC', 33, 5, 5, 172, 133.00, 0.00, 1, '', '2013-10-01', 0.00, '0000-00-00', '0000-00-00'),
(621, 1, 3, 11, 'AK203213000621', 'Split Duct AC', 174, 5, 5, 181, 1.00, 0.00, 1, '', '2013-10-01', 0.00, '0000-00-00', '0000-00-00'),
(622, 1, 3, 11, 'AK203213000622', 'Wall Mounted', 114, 5, 5, 181, 1.00, 0.00, 1, '', '2013-10-01', 0.00, '0000-00-00', '0000-00-00'),
(623, 1, 2, 9, 'AK107113000623', 'Meteran 5 M', 133, 5, 5, 99, 1.00, 0.00, 1, '', '2013-10-01', 0.00, '0000-00-00', '0000-00-00'),
(624, 1, 3, 13, 'AK207213000624', 'Pipe Wrench', 153, 5, 5, 99, 1.00, 0.00, 1, '', '2013-10-01', 0.00, '0000-00-00', '0000-00-00'),
(625, 1, 3, 13, 'AK207213000625', 'Pipe Wrench', 153, 5, 5, 99, 0.00, 0.00, 3, '', '2013-10-01', 0.00, '0000-00-00', '0000-00-00'),
(626, 1, 3, 13, 'AK207213000626', 'Clamp Meter', 100, 5, 5, 99, 0.00, 0.00, 3, '', '2013-10-01', 0.00, '0000-00-00', '0000-00-00'),
(627, 1, 3, 13, 'AK207213000627', 'Shovel/ Sekrop', 133, 5, 5, 99, 0.00, 0.00, 3, 'LOST - 1', '2013-10-01', 0.00, '0000-00-00', '0000-00-00'),
(628, 1, 3, 13, 'AK207213000628', 'Wire Striping Pliers', 133, 5, 5, 99, 0.00, 0.00, 3, 'LOST - 1', '2013-10-01', 0.00, '0000-00-00', '0000-00-00'),
(629, 1, 3, 13, 'AK207213000629', 'Pump Effluent', 133, 5, 5, 156, 0.00, 0.00, 4, '', '2013-10-01', 0.00, '0000-00-00', '0000-00-00'),
(630, 1, 3, 12, 'AK204213000630', 'Scale 100 Kg', 133, 6, 6, 182, 1.00, 0.00, 1, '', '2013-10-01', 0.00, '0000-00-00', '0000-00-00'),
(631, 1, 3, 12, 'AK204213000631', 'Cold Room Freezer w/ Rack', 176, 6, 6, 182, 1.00, 0.00, 1, '', '2013-10-01', 0.00, '0000-00-00', '0000-00-00'),
(632, 1, 3, 12, 'AK204213000632', 'Cold Room Chiller w/ Rack', 176, 6, 6, 182, 1.00, 0.00, 1, '', '2013-10-01', 0.00, '0000-00-00', '0000-00-00'),
(633, 1, 3, 12, 'AK204213000633', 'Rack Shelf 4 Level Solid', 133, 6, 6, 183, 3.00, 0.00, 1, '', '2013-10-01', 0.00, '0000-00-00', '0000-00-00'),
(634, 1, 3, 12, 'AK204213000634', 'Bakery Chiller / Showcase', 133, 6, 6, 184, 1.00, 0.00, 1, '', '2013-10-01', 0.00, '0000-00-00', '0000-00-00'),
(635, 1, 2, 6, 'AK104113000635', 'Wajan', 133, 6, 6, 185, 4.00, 0.00, 1, '', '2013-10-01', 0.00, '0000-00-00', '0000-00-00'),
(636, 1, 2, 6, 'AK104113000636', 'Rack Shelf 4 level', 133, 6, 6, 185, 1.00, 0.00, 1, '', '2013-10-01', 0.00, '0000-00-00', '0000-00-00'),
(637, 1, 3, 12, 'AK204213000637', 'Work Table w/ Low Shelf', 133, 6, 6, 186, 1.00, 0.00, 1, '', '2013-10-01', 0.00, '0000-00-00', '0000-00-00'),
(638, 1, 3, 12, 'AK204213000638', 'Wall Shelf 1 Deck', 133, 6, 6, 186, 3.00, 0.00, 1, '', '2013-10-01', 0.00, '0000-00-00', '0000-00-00'),
(639, 1, 3, 12, 'AK204213000639', 'Wall Shelf 1 Deck - Small', 133, 6, 6, 186, 1.00, 0.00, 1, '', '2013-10-01', 0.00, '0000-00-00', '0000-00-00'),
(640, 1, 3, 12, 'AK204213000640', 'Work Table', 133, 6, 6, 187, 1.00, 0.00, 1, '', '2013-10-01', 0.00, '0000-00-00', '0000-00-00'),
(641, 1, 3, 12, 'AK204213000641', 'Rack Shelf 5 Level (Hitam)', 133, 6, 6, 187, 1.00, 0.00, 1, '', '2013-10-01', 0.00, '0000-00-00', '0000-00-00'),
(642, 1, 3, 12, 'AK204213000642', 'Scale 100 Kg', 133, 6, 6, 187, 1.00, 0.00, 1, '', '2013-10-01', 0.00, '0000-00-00', '0000-00-00'),
(643, 1, 3, 12, 'AK204213000643', 'Sink 2 Bowl w/ Faucet', 133, 6, 6, 187, 1.00, 0.00, 1, '', '2013-10-01', 0.00, '0000-00-00', '0000-00-00'),
(644, 1, 3, 12, 'AK204213000644', 'Exhaust Hood w/ Filter + Lamp', 133, 6, 6, 188, 1.00, 0.00, 1, 'Need to be repaired', '2013-10-01', 0.00, '0000-00-00', '0000-00-00'),
(645, 1, 3, 12, 'AK204213000645', 'Gas 1 Deck Oven w/ Profer', 179, 6, 6, 188, 1.00, 0.00, 1, '', '2013-10-01', 0.00, '0000-00-00', '0000-00-00'),
(646, 1, 3, 12, 'AK204213000646', 'Work Table w/ Low Shelf', 133, 6, 6, 188, 1.00, 0.00, 1, '', '2013-10-01', 0.00, '0000-00-00', '0000-00-00'),
(647, 1, 3, 12, 'AK204213000647', 'Wall Shelf 1 Deck', 133, 6, 6, 188, 3.00, 0.00, 1, '', '2013-10-01', 0.00, '0000-00-00', '0000-00-00'),
(648, 1, 3, 12, 'AK204213000648', 'Table w/ Marble', 133, 6, 6, 188, 1.00, 0.00, 1, '', '2013-10-01', 0.00, '0000-00-00', '0000-00-00'),
(649, 1, 3, 12, 'AK204213000649', 'Sink 1 Bowl w/ Faucet H&C', 133, 6, 6, 188, 1.00, 0.00, 1, '', '2013-10-01', 0.00, '0000-00-00', '0000-00-00'),
(650, 1, 2, 6, 'AK104113000650', 'Dough Mixer (Cap. 20 Liter)', 187, 6, 6, 188, 1.00, 0.00, 1, '', '2013-10-01', 0.00, '0000-00-00', '0000-00-00'),
(651, 1, 3, 12, 'AK204213000651', 'Up Right Chiller 2 Doors', 164, 6, 6, 188, 1.00, 0.00, 1, '', '2013-10-01', 0.00, '0000-00-00', '0000-00-00'),
(652, 1, 3, 12, 'AK204213000652', 'Sink 1 Bowl w/ Faucet H&C', 133, 6, 6, 188, 1.00, 0.00, 1, 'Pemb FFNE2019', '2013-10-01', 0.00, '0000-00-00', '0000-00-00'),
(653, 1, 3, 12, 'AK204213000653', 'Service Trolley 3 Level', 133, 6, 6, 188, 1.00, 0.00, 1, '', '2013-10-01', 0.00, '0000-00-00', '0000-00-00'),
(654, 1, 3, 12, 'AK204213000654', 'Entry Table w/Sink + Hole', 133, 6, 6, 188, 1.00, 0.00, 1, '', '2013-10-01', 0.00, '0000-00-00', '0000-00-00'),
(655, 1, 3, 12, 'AK204213000655', 'Pre-Rinse Hot & Cold', 133, 6, 6, 188, 1.00, 0.00, 1, '', '2013-10-01', 0.00, '0000-00-00', '0000-00-00'),
(656, 1, 3, 12, 'AK204213000656', 'Wall Shelf for PlateRack', 133, 6, 6, 188, 1.00, 0.00, 1, '', '2013-10-01', 0.00, '0000-00-00', '0000-00-00'),
(657, 1, 3, 12, 'AK204213000657', 'Rack Shelf 4 Level Slotted', 133, 6, 6, 188, 1.00, 0.00, 1, '', '2013-10-01', 0.00, '0000-00-00', '0000-00-00'),
(658, 1, 3, 12, 'AK204213000658', 'Trolly Rak Pastry', 133, 6, 6, 188, 1.00, 0.00, 1, '', '2013-10-01', 0.00, '0000-00-00', '0000-00-00'),
(659, 1, 3, 12, 'AK204213000659', 'Candy Floss Machine (Fomac)', 49, 6, 6, 188, 1.00, 0.00, 1, '', '2013-10-01', 0.00, '0000-00-00', '0000-00-00'),
(660, 1, 3, 12, 'AK204213000660', 'Under Counter Chiller 3 Doors', 133, 6, 6, 189, 1.00, 0.00, 1, '', '2013-10-01', 0.00, '0000-00-00', '0000-00-00'),
(661, 1, 3, 12, 'AK204213000661', 'Up Right Freezer 2 Doors', 133, 6, 6, 189, 1.00, 0.00, 1, '', '2013-10-01', 0.00, '0000-00-00', '0000-00-00'),
(662, 1, 3, 12, 'AK204213000662', 'Exhaust Hood w/ Filter + Lamp', 133, 6, 6, 189, 1.00, 0.00, 1, '', '2013-10-01', 0.00, '0000-00-00', '0000-00-00'),
(663, 1, 3, 12, 'AK204213000663', 'Gas Rie Cooker 3 Deck', 127, 6, 6, 189, 1.00, 0.00, 1, '', '2013-10-01', 0.00, '0000-00-00', '0000-00-00'),
(664, 1, 3, 12, 'AK204213000664', 'S/S Frame (Floor grating) / Gutter', 133, 6, 6, 189, 12.00, 0.00, 1, '', '2013-10-01', 0.00, '0000-00-00', '0000-00-00'),
(665, 1, 3, 12, 'AK204213000665', 'Gas Kwali Range 2 Burner Hogh Pressure', 133, 6, 6, 189, 1.00, 0.00, 1, '', '2013-10-01', 0.00, '0000-00-00', '0000-00-00'),
(666, 1, 3, 12, 'AK204213000666', 'Gas 6 Burner w/ Oven', 83, 6, 6, 189, 1.00, 0.00, 1, '', '2013-10-01', 0.00, '0000-00-00', '0000-00-00'),
(667, 1, 3, 12, 'AK204213000667', 'Gas Fryer w/ 2 Basket', 83, 6, 6, 189, 1.00, 0.00, 1, '', '2013-10-01', 0.00, '0000-00-00', '0000-00-00'),
(668, 1, 3, 12, 'AK204213000668', 'Sauce Table w/ Low Shelf', 133, 6, 6, 189, 1.00, 0.00, 1, '', '2013-10-01', 0.00, '0000-00-00', '0000-00-00'),
(669, 1, 3, 12, 'AK204213000669', 'Gas Salamander', 29, 6, 6, 189, 1.00, 0.00, 1, '', '2013-10-01', 0.00, '0000-00-00', '0000-00-00'),
(670, 1, 3, 12, 'AK204213000670', 'Gas Chargrill w/ Lava Stone', 133, 6, 6, 189, 1.00, 0.00, 1, '', '2013-10-01', 0.00, '0000-00-00', '0000-00-00'),
(671, 1, 3, 12, 'AK204213000671', 'Gas Griddle', 24, 6, 6, 189, 1.00, 0.00, 1, '', '2013-10-01', 0.00, '0000-00-00', '0000-00-00'),
(672, 1, 3, 12, 'AK204213000672', 'Stand Table for Grill + Griddle', 133, 6, 6, 189, 1.00, 0.00, 1, '', '2013-10-01', 0.00, '0000-00-00', '0000-00-00'),
(673, 1, 3, 12, 'AK204213000673', 'Exhaust Hood w/ Filter + Lamp', 133, 6, 6, 189, 1.00, 0.00, 1, '', '2013-10-01', 0.00, '0000-00-00', '0000-00-00'),
(674, 1, 3, 12, 'AK204213000674', 'Gas Convection Oven w/ Stand Table', 208, 6, 6, 189, 1.00, 0.00, 1, '', '2013-10-01', 0.00, '0000-00-00', '0000-00-00'),
(675, 1, 3, 12, 'AK204213000675', 'Stand Table for Oven', 133, 6, 6, 189, 1.00, 0.00, 1, '', '2013-10-01', 0.00, '0000-00-00', '0000-00-00'),
(676, 1, 3, 12, 'AK204213000676', 'Electric Pizza Oven w/ Stone', 140, 6, 6, 189, 1.00, 0.00, 1, '', '2013-10-01', 0.00, '0000-00-00', '0000-00-00'),
(677, 1, 3, 12, 'AK204213000677', 'Under Counter Chiller 3 Doors', 133, 6, 6, 189, 1.00, 0.00, 1, '', '2013-10-01', 0.00, '0000-00-00', '0000-00-00'),
(678, 1, 3, 12, 'AK204213000678', 'Over Shelf 2 Deck w/ Warmer 1 Deck', 133, 6, 6, 189, 1.00, 0.00, 1, '', '2013-10-01', 0.00, '0000-00-00', '0000-00-00'),
(679, 1, 3, 12, 'AK204213000679', 'Over Shelf 2 Deck', 133, 6, 6, 189, 1.00, 0.00, 1, '', '2013-10-01', 0.00, '0000-00-00', '0000-00-00'),
(680, 1, 3, 12, 'AK204213000680', 'Under Counter Chiller 3 Doors', 133, 6, 6, 189, 1.00, 0.00, 1, '', '2013-10-01', 0.00, '0000-00-00', '0000-00-00'),
(681, 1, 3, 12, 'AK204213000681', 'Ice Cube Machine (300 Kg/ Day) + Bin', 111, 6, 6, 189, 1.00, 0.00, 1, 'Under maintenance', '2013-10-01', 0.00, '0000-00-00', '0000-00-00'),
(682, 1, 3, 12, 'AK204213000682', 'Work Table w/ Low Shelf 95X70', 133, 6, 6, 190, 1.00, 0.00, 1, '', '2013-10-01', 0.00, '0000-00-00', '0000-00-00'),
(683, 1, 2, 6, 'AK104113000683', 'Meat Slicer (Blade 300)', 204, 6, 6, 190, 2.00, 0.00, 1, '', '2013-10-01', 0.00, '0000-00-00', '0000-00-00'),
(684, 1, 3, 12, 'AK204213000684', 'Work Table w/ Low Shelf', 133, 6, 6, 190, 1.00, 0.00, 1, '', '2013-10-01', 0.00, '0000-00-00', '0000-00-00'),
(685, 1, 3, 12, 'AK204213000685', 'Wall Shelf 1 Deck', 133, 6, 6, 190, 3.00, 0.00, 1, '', '2013-10-01', 0.00, '0000-00-00', '0000-00-00'),
(686, 1, 3, 12, 'AK204213000686', 'Sink 1 Bowl w/ Faucet H&C', 133, 6, 6, 190, 1.00, 0.00, 1, '', '2013-10-01', 0.00, '0000-00-00', '0000-00-00'),
(687, 1, 3, 12, 'AK204213000687', 'Under Counter Chiller 2 Doors + 5 EA Food Pan', 133, 6, 6, 190, 1.00, 0.00, 1, '', '2013-10-01', 0.00, '0000-00-00', '0000-00-00'),
(688, 1, 3, 12, 'AK204213000688', 'Wall Shelf 1 Deck', 133, 6, 6, 191, 4.00, 0.00, 1, '', '2013-10-01', 0.00, '0000-00-00', '0000-00-00'),
(689, 1, 2, 6, 'AK104113000689', 'Meat Grinder', 54, 6, 6, 191, 1.00, 0.00, 1, '', '2013-10-01', 0.00, '0000-00-00', '0000-00-00'),
(690, 1, 3, 12, 'AK204213000690', 'Sink 1 Bowl w/ Faucet H&C', 133, 6, 6, 191, 1.00, 0.00, 1, '', '2013-10-01', 0.00, '0000-00-00', '0000-00-00'),
(691, 1, 3, 12, 'AK204213000691', 'Under Counter Chiller 2 Doors', 164, 6, 6, 191, 1.00, 0.00, 1, '', '2013-10-01', 0.00, '0000-00-00', '0000-00-00'),
(692, 1, 2, 6, 'AK104113000692', 'Gilingan Pangsit', 133, 6, 6, 191, 1.00, 0.00, 1, '', '2013-10-01', 0.00, '0000-00-00', '0000-00-00'),
(693, 1, 2, 6, 'AK104113000693', 'Spiral Potato', 133, 6, 6, 191, 1.00, 0.00, 1, '', '2013-10-01', 0.00, '0000-00-00', '0000-00-00'),
(694, 1, 2, 6, 'AK104113000694', 'Pasta Mesin', 133, 6, 6, 191, 1.00, 0.00, 1, '', '2013-10-01', 0.00, '0000-00-00', '0000-00-00'),
(695, 1, 2, 6, 'AK104113000695', 'Bread Toaster 4 Slot', 156, 6, 6, 191, 1.00, 0.00, 1, '', '2013-10-01', 0.00, '0000-00-00', '0000-00-00'),
(696, 1, 3, 12, 'AK204213000696', 'Gas Tilting Pan (Cap. 50 Liter)', 141, 6, 6, 192, 1.00, 0.00, 1, '', '2013-10-01', 0.00, '0000-00-00', '0000-00-00'),
(697, 1, 3, 12, 'AK204213000697', 'Gas Boiling Pan (Cap. 80 Liter)', 141, 6, 6, 192, 1.00, 0.00, 1, '', '2013-10-01', 0.00, '0000-00-00', '0000-00-00'),
(698, 1, 3, 12, 'AK204213000698', 'Pot Washing 2 Bowl w/ Faucet H&C', 133, 6, 6, 192, 1.00, 0.00, 1, '', '2013-10-01', 0.00, '0000-00-00', '0000-00-00'),
(699, 1, 3, 12, 'AK204213000699', 'Sink 2 Bowl w/ Faucet H&C', 133, 6, 6, 193, 1.00, 0.00, 1, '', '2013-10-01', 0.00, '0000-00-00', '0000-00-00'),
(700, 1, 3, 12, 'AK204213000700', 'Wall Shelf Pipe', 133, 6, 6, 193, 1.00, 0.00, 1, '', '2013-10-01', 0.00, '0000-00-00', '0000-00-00'),
(701, 1, 3, 12, 'AK204213000701', 'Work Table w/ Low Shelf', 133, 6, 6, 193, 1.00, 0.00, 1, '', '2013-10-01', 0.00, '0000-00-00', '0000-00-00'),
(702, 1, 3, 12, 'AK204213000702', 'S/S Frame (Floor grating)', 133, 6, 6, 194, 1.00, 0.00, 1, '', '2013-10-01', 0.00, '0000-00-00', '0000-00-00'),
(703, 1, 3, 12, 'AK204213000703', 'Dishwashing Machine', 133, 6, 6, 194, 1.00, 0.00, 1, 'Need to be repaired', '2013-10-01', 0.00, '0000-00-00', '0000-00-00'),
(704, 1, 3, 12, 'AK204213000704', 'Condensate Hood', 133, 6, 6, 194, 1.00, 0.00, 1, '', '2013-10-01', 0.00, '0000-00-00', '0000-00-00'),
(705, 1, 3, 12, 'AK204213000705', 'Exit Table w/ Low Shelf Slotted', 133, 6, 6, 194, 1.00, 0.00, 1, '', '2013-10-01', 0.00, '0000-00-00', '0000-00-00'),
(706, 1, 3, 12, 'AK204213000706', 'Rack Shelf 4 Level Slotted', 133, 6, 6, 194, 1.00, 0.00, 1, '', '2013-10-01', 0.00, '0000-00-00', '0000-00-00'),
(707, 1, 3, 12, 'AK204213000707', 'Work Table w/ Low Shelf', 133, 6, 6, 194, 1.00, 0.00, 1, '', '2013-10-01', 0.00, '0000-00-00', '0000-00-00'),
(708, 1, 3, 12, 'AK204213000708', 'Exhaust Hood w/ Filter + Lamp', 133, 6, 6, 194, 1.00, 0.00, 1, '', '2013-10-01', 0.00, '0000-00-00', '0000-00-00'),
(709, 1, 3, 12, 'AK204213000709', 'Exhaust+ Lamp', 133, 6, 6, 195, 1.00, 0.00, 1, '', '2013-10-01', 0.00, '0000-00-00', '0000-00-00'),
(710, 1, 3, 12, 'AK204213000710', 'Kabinet Slide Door 2 Doors', 133, 6, 6, 195, 1.00, 0.00, 1, '', '2013-10-01', 0.00, '0000-00-00', '0000-00-00'),
(711, 1, 3, 12, 'AK204213000711', 'Sink 1 Bowl Wth Faucet H&C', 133, 6, 6, 195, 2.00, 0.00, 1, '', '2013-10-01', 0.00, '0000-00-00', '0000-00-00'),
(712, 1, 3, 12, 'AK204213000712', 'Under Counter Chiller 2 Doors', 133, 6, 6, 195, 1.00, 0.00, 1, 'Pemb. Juni 2019 B. Opr', '2013-10-01', 0.00, '0000-00-00', '0000-00-00'),
(713, 1, 3, 12, 'AK204213000713', 'Grill Lave Stone', 24, 6, 6, 195, 1.00, 0.00, 1, '', '2013-10-01', 0.00, '0000-00-00', '0000-00-00'),
(714, 1, 3, 12, 'AK204213000714', 'Table Saus Kecap', 133, 6, 6, 195, 1.00, 0.00, 1, '', '2013-10-01', 0.00, '0000-00-00', '0000-00-00'),
(715, 1, 3, 12, 'AK204213000715', 'Table Rak Oven', 133, 6, 6, 195, 1.00, 0.00, 1, '', '2013-10-01', 0.00, '0000-00-00', '0000-00-00'),
(716, 1, 3, 12, 'AK204213000716', 'Table Preparation', 133, 6, 6, 195, 1.00, 0.00, 1, '', '2013-10-01', 0.00, '0000-00-00', '0000-00-00'),
(717, 1, 2, 6, 'AK104113000717', 'Deep Fryer Basket', 133, 6, 6, 195, 1.00, 0.00, 1, '', '2013-10-01', 0.00, '0000-00-00', '0000-00-00'),
(718, 1, 3, 12, 'AK204213000718', 'Tabler For Stand Grill', 133, 6, 6, 195, 1.00, 0.00, 1, '', '2013-10-01', 0.00, '0000-00-00', '0000-00-00'),
(719, 1, 3, 12, 'AK204213000719', 'Up Right Freezer 2 Doors', 133, 6, 6, 195, 1.00, 0.00, 1, '', '2013-10-01', 0.00, '0000-00-00', '0000-00-00'),
(720, 1, 3, 12, 'AK204213000720', 'Up Right Chiller 2 Doors', 133, 6, 6, 195, 1.00, 0.00, 1, '', '2013-10-01', 0.00, '0000-00-00', '0000-00-00');
INSERT INTO `t004_asset` (`id`, `property_id`, `group_id`, `type_id`, `Code`, `Description`, `brand_id`, `signature_id`, `department_id`, `location_id`, `Qty`, `Variance`, `cond_id`, `Remarks`, `ProcurementDate`, `ProcurementCurrentCost`, `PeriodBegin`, `PeriodEnd`) VALUES
(721, 1, 3, 12, 'AK204213000721', 'Chaffing dish roll top', 133, 6, 6, 196, 21.00, 0.00, 1, '', '2013-10-01', 0.00, '0000-00-00', '0000-00-00'),
(722, 1, 3, 12, 'AK204213000722', 'Round chaffing dish', 133, 6, 6, 196, 10.00, 0.00, 1, '', '2013-10-01', 0.00, '0000-00-00', '0000-00-00'),
(723, 1, 3, 12, 'AK204213000723', 'Round chafing dish small', 133, 6, 6, 196, 6.00, 0.00, 1, '', '2013-10-01', 0.00, '0000-00-00', '0000-00-00'),
(724, 1, 3, 12, 'AK204213000724', 'Soup tourin electric BLACK', 133, 6, 6, 196, 3.00, 0.00, 1, '', '2013-10-01', 0.00, '0000-00-00', '0000-00-00'),
(725, 1, 3, 12, 'AK204213000725', 'Soup tourin electric SS', 133, 6, 6, 196, 2.00, 0.00, 1, '', '2013-10-01', 0.00, '0000-00-00', '0000-00-00'),
(726, 1, 3, 12, 'AK204213000726', 'Pancake machine', 133, 6, 6, 196, 1.00, 0.00, 1, '', '2013-10-01', 0.00, '0000-00-00', '0000-00-00'),
(727, 1, 3, 12, 'AK204213000727', 'Portable grill', 133, 6, 6, 196, 1.00, 0.00, 1, '', '2013-10-01', 0.00, '0000-00-00', '0000-00-00'),
(728, 1, 3, 12, 'AK204213000728', 'Waffel machine', 133, 6, 6, 196, 1.00, 0.00, 1, '', '2013-10-01', 0.00, '0000-00-00', '0000-00-00'),
(729, 1, 3, 12, 'AK204213000729', 'Singgle stove (matahari)', 133, 6, 6, 196, 2.00, 0.00, 1, 'Need to be repaired - 1 unit', '2013-10-01', 0.00, '0000-00-00', '0000-00-00'),
(730, 1, 3, 12, 'AK204213000730', 'Food cover acrillic', 133, 6, 6, 196, 40.00, 0.00, 1, '', '2013-10-01', 0.00, '0000-00-00', '0000-00-00'),
(731, 1, 3, 12, 'AK204213000731', 'Rak dishwashing machine', 133, 6, 6, 196, 7.00, 0.00, 1, '', '2013-10-01', 0.00, '0000-00-00', '0000-00-00'),
(732, 1, 3, 12, 'AK204213000732', 'Rak dishwashing datar', 133, 6, 6, 196, 5.00, 0.00, 1, '', '2013-10-01', 0.00, '0000-00-00', '0000-00-00'),
(733, 1, 3, 12, 'AK204213000733', 'Rack glass isi 36', 133, 6, 6, 196, 7.00, 0.00, 1, '', '2013-10-01', 0.00, '0000-00-00', '0000-00-00'),
(734, 1, 3, 12, 'AK204213000734', 'Rack glass isi 49', 133, 6, 6, 196, 6.00, 0.00, 1, 'Without Cover - 2 units', '2013-10-01', 0.00, '0000-00-00', '0000-00-00'),
(735, 1, 3, 12, 'AK204213000735', 'Rack glass isi 25', 133, 6, 6, 196, 3.00, 0.00, 1, 'Without Cover - 2 units', '2013-10-01', 0.00, '0000-00-00', '0000-00-00'),
(736, 1, 3, 12, 'AK204213000736', 'Rack glass isi 20', 133, 6, 6, 196, 2.00, 0.00, 1, '', '2013-10-01', 0.00, '0000-00-00', '0000-00-00'),
(737, 1, 3, 12, 'AK204213000737', 'Portable 2 stove ', 154, 6, 6, 196, 2.00, 0.00, 1, '', '2013-10-01', 0.00, '0000-00-00', '0000-00-00'),
(738, 1, 3, 12, 'AK204213000738', 'Single stove ', 154, 6, 6, 196, 1.00, 0.00, 1, '', '2013-10-01', 0.00, '0000-00-00', '0000-00-00'),
(739, 1, 2, 6, 'AK104113000739', 'Mop bucket', 133, 6, 6, 196, 2.00, 0.00, 1, '', '2013-10-01', 0.00, '0000-00-00', '0000-00-00'),
(740, 1, 3, 12, 'AK204213000740', 'Cereal dispenser', 133, 6, 6, 196, 2.00, 0.00, 1, '', '2013-10-01', 0.00, '0000-00-00', '0000-00-00'),
(741, 1, 2, 6, 'AK104113000741', 'Cutting board white', 133, 6, 6, 196, 4.00, 0.00, 1, '', '2013-10-01', 0.00, '0000-00-00', '0000-00-00'),
(742, 1, 2, 6, 'AK104113000742', 'Cutting board green', 133, 6, 6, 196, 7.00, 0.00, 1, '', '2013-10-01', 0.00, '0000-00-00', '0000-00-00'),
(743, 1, 2, 6, 'AK104113000743', 'Cuting board yellow', 133, 6, 6, 196, 3.00, 0.00, 1, '', '2013-10-01', 0.00, '0000-00-00', '0000-00-00'),
(744, 1, 2, 6, 'AK104113000744', 'Cutting board blue', 133, 6, 6, 196, 4.00, 0.00, 1, '', '2013-10-01', 0.00, '0000-00-00', '0000-00-00'),
(745, 1, 2, 6, 'AK104113000745', 'Cutting board red', 133, 6, 6, 196, 2.00, 0.00, 1, '', '2013-10-01', 0.00, '0000-00-00', '0000-00-00'),
(746, 1, 2, 6, 'AK104113000746', 'Cutting board rack stand', 133, 6, 6, 196, 3.00, 0.00, 1, '', '2013-10-01', 0.00, '0000-00-00', '0000-00-00'),
(747, 1, 3, 12, 'AK204213000747', 'Microwave', 40, 6, 6, 196, 1.00, 0.00, 1, '', '2013-10-01', 0.00, '0000-00-00', '0000-00-00'),
(748, 1, 3, 12, 'AK204213000748', 'Hot box - Large', 141, 6, 6, 196, 1.00, 0.00, 1, '', '2013-10-01', 0.00, '0000-00-00', '0000-00-00'),
(749, 1, 3, 12, 'AK204213000749', 'Conveyor toaster', 64, 6, 6, 196, 1.00, 0.00, 1, '', '2013-10-01', 0.00, '0000-00-00', '0000-00-00'),
(750, 1, 3, 12, 'AK204213000750', 'Chocolate fountain machine - Small', 124, 6, 6, 196, 1.00, 0.00, 1, '', '2013-10-01', 0.00, '0000-00-00', '0000-00-00'),
(751, 1, 2, 6, 'AK104113000751', 'Mixing Bowl 11 cm', 133, 6, 6, 196, 9.00, 0.00, 1, '', '2013-10-01', 0.00, '0000-00-00', '0000-00-00'),
(752, 1, 2, 6, 'AK104113000752', 'Mixing Bowl 13 cm', 133, 6, 6, 196, 4.00, 0.00, 1, '', '2013-10-01', 0.00, '0000-00-00', '0000-00-00'),
(753, 1, 2, 6, 'AK104113000753', 'Mixing Bowl 14,5 cm', 133, 6, 6, 196, 19.00, 0.00, 1, '', '2013-10-01', 0.00, '0000-00-00', '0000-00-00'),
(754, 1, 2, 6, 'AK104113000754', 'Mixing Bowl 16 cm', 133, 6, 6, 196, 7.00, 0.00, 1, '', '2013-10-01', 0.00, '0000-00-00', '0000-00-00'),
(755, 1, 2, 6, 'AK104113000755', 'Mixing Bowl 18,5 cm', 133, 6, 6, 196, 6.00, 0.00, 1, '', '2013-10-01', 0.00, '0000-00-00', '0000-00-00'),
(756, 1, 2, 6, 'AK104113000756', 'Mixing Bowl 20,5 cm', 133, 6, 6, 196, 5.00, 0.00, 1, '', '2013-10-01', 0.00, '0000-00-00', '0000-00-00'),
(757, 1, 2, 6, 'AK104113000757', 'Mixing Bowl 22 cm', 133, 6, 6, 196, 8.00, 0.00, 1, '', '2013-10-01', 0.00, '0000-00-00', '0000-00-00'),
(758, 1, 2, 6, 'AK104113000758', 'Mixing Bowl 23 cm', 133, 6, 6, 196, 5.00, 0.00, 1, '', '2013-10-01', 0.00, '0000-00-00', '0000-00-00'),
(759, 1, 2, 6, 'AK104113000759', 'Mixing Bowl 25 cm', 133, 6, 6, 196, 8.00, 0.00, 1, '', '2013-10-01', 0.00, '0000-00-00', '0000-00-00'),
(760, 1, 2, 6, 'AK104113000760', 'Mixing Bowl 27 cm', 133, 6, 6, 196, 12.00, 0.00, 1, '', '2013-10-01', 0.00, '0000-00-00', '0000-00-00'),
(761, 1, 2, 6, 'AK104113000761', 'Mixing Bowl 36 cm', 133, 6, 6, 196, 3.00, 0.00, 1, '', '2013-10-01', 0.00, '0000-00-00', '0000-00-00'),
(762, 1, 2, 6, 'AK104113000762', 'Mixing Bowl 37,5 cm', 133, 6, 6, 196, 4.00, 0.00, 1, 'Pemb. Sept Memakai dana LnB/Breakage', '2013-10-01', 0.00, '0000-00-00', '0000-00-00'),
(763, 1, 2, 6, 'AK104113000763', 'Mixing Bowl 40,5 cm', 133, 6, 6, 196, 8.00, 0.00, 1, 'Pemb FFNE2019', '2013-10-01', 0.00, '0000-00-00', '0000-00-00'),
(764, 1, 2, 6, 'AK104113000764', 'Stock Pot 16,5 cm', 133, 6, 6, 196, 4.00, 0.00, 1, '', '2013-10-01', 0.00, '0000-00-00', '0000-00-00'),
(765, 1, 2, 6, 'AK104113000765', 'Stock Pot 18 cm', 142, 6, 6, 196, 4.00, 0.00, 1, 'Pemb FFNE2019', '2013-10-01', 0.00, '0000-00-00', '0000-00-00'),
(766, 1, 2, 6, 'AK104113000766', 'Stock Pot 20 cm', 133, 6, 6, 196, 5.00, 0.00, 1, '', '2013-10-01', 0.00, '0000-00-00', '0000-00-00'),
(767, 1, 2, 6, 'AK104113000767', 'Stock Pot 22 cm', 133, 6, 6, 196, 3.00, 0.00, 1, '', '2013-10-01', 0.00, '0000-00-00', '0000-00-00'),
(768, 1, 2, 6, 'AK104113000768', 'Stock Pot 24 cm - High', 142, 6, 6, 196, 6.00, 0.00, 1, '', '2013-10-01', 0.00, '0000-00-00', '0000-00-00'),
(769, 1, 2, 6, 'AK104113000769', 'Stock Pot 24 cm - Short', 142, 6, 6, 196, 3.00, 0.00, 1, '', '2013-10-01', 0.00, '0000-00-00', '0000-00-00'),
(770, 1, 2, 6, 'AK104113000770', 'Stock Pot 28 cm - High', 133, 6, 6, 196, 2.00, 0.00, 1, '', '2013-10-01', 0.00, '0000-00-00', '0000-00-00'),
(771, 1, 2, 6, 'AK104113000771', 'Stock Pot 28 cm - Short', 133, 6, 6, 196, 2.00, 0.00, 1, '', '2013-10-01', 0.00, '0000-00-00', '0000-00-00'),
(772, 1, 2, 6, 'AK104113000772', 'Stock Pot 30 cm - High', 133, 6, 6, 196, 1.00, 0.00, 1, '', '2013-10-01', 0.00, '0000-00-00', '0000-00-00'),
(773, 1, 2, 6, 'AK104113000773', 'Stock Pot 30 cm - Short', 133, 6, 6, 196, 1.00, 0.00, 1, '', '2013-10-01', 0.00, '0000-00-00', '0000-00-00'),
(774, 1, 2, 6, 'AK104113000774', 'Stock Pot 32 cm - High', 133, 6, 6, 196, 1.00, 0.00, 1, '', '2013-10-01', 0.00, '0000-00-00', '0000-00-00'),
(775, 1, 2, 6, 'AK104113000775', 'Stock Pot 32 cm - Short', 133, 6, 6, 196, 2.00, 0.00, 1, '', '2013-10-01', 0.00, '0000-00-00', '0000-00-00'),
(776, 1, 2, 6, 'AK104113000776', 'Stock Pot 40 cm', 133, 6, 6, 196, 1.00, 0.00, 1, '', '2013-10-01', 0.00, '0000-00-00', '0000-00-00'),
(777, 1, 2, 6, 'AK104113000777', 'Stock Pot 50 cm', 133, 6, 6, 196, 1.00, 0.00, 1, '', '2013-10-01', 0.00, '0000-00-00', '0000-00-00'),
(778, 1, 2, 6, 'AK104113000778', 'Stock Pot 60 cm', 133, 6, 6, 196, 1.00, 0.00, 1, '', '2013-10-01', 0.00, '0000-00-00', '0000-00-00'),
(779, 1, 2, 6, 'AK104113000779', 'Stock Pot Handel', 133, 6, 6, 196, 1.00, 0.00, 1, '', '2013-10-01', 0.00, '0000-00-00', '0000-00-00'),
(780, 1, 2, 6, 'AK104113000780', 'Frying Pan 11,5 cm', 133, 6, 6, 196, 1.00, 0.00, 1, '', '2013-10-01', 0.00, '0000-00-00', '0000-00-00'),
(781, 1, 2, 6, 'AK104113000781', 'Frying Pan 24 cm', 133, 6, 6, 196, 3.00, 0.00, 1, '', '2013-10-01', 0.00, '0000-00-00', '0000-00-00'),
(782, 1, 2, 6, 'AK104113000782', 'Frying Pan 26 cm', 133, 6, 6, 196, 1.00, 0.00, 1, '', '2013-10-01', 0.00, '0000-00-00', '0000-00-00'),
(783, 1, 2, 6, 'AK104113000783', 'Frying Pan 28 cm', 133, 6, 6, 196, 3.00, 0.00, 1, '', '2013-10-01', 0.00, '0000-00-00', '0000-00-00'),
(784, 1, 2, 6, 'AK104113000784', 'Frying Pan 36,5 cm', 133, 6, 6, 196, 3.00, 0.00, 1, '', '2013-10-01', 0.00, '0000-00-00', '0000-00-00'),
(785, 1, 2, 6, 'AK104113000785', 'Saute Pan 28 cm', 133, 6, 6, 196, 3.00, 0.00, 1, '', '2013-10-01', 0.00, '0000-00-00', '0000-00-00'),
(786, 1, 2, 6, 'AK104113000786', 'Balon wish', 133, 6, 6, 196, 3.00, 0.00, 1, '', '2013-10-01', 0.00, '0000-00-00', '0000-00-00'),
(787, 1, 2, 6, 'AK104113000787', 'Roasting tong', 133, 6, 6, 196, 10.00, 0.00, 1, '', '2013-10-01', 0.00, '0000-00-00', '0000-00-00'),
(788, 1, 2, 6, 'AK104113000788', 'Soup Leadle - for Cook', 133, 6, 6, 196, 3.00, 0.00, 1, '', '2013-10-01', 0.00, '0000-00-00', '0000-00-00'),
(789, 1, 2, 6, 'AK104113000789', 'Soup Leadle - for Soup', 133, 6, 6, 196, 2.00, 0.00, 1, '', '2013-10-01', 0.00, '0000-00-00', '0000-00-00'),
(790, 1, 2, 6, 'AK104113000790', 'Turner', 133, 6, 6, 196, 3.00, 0.00, 1, '', '2013-10-01', 0.00, '0000-00-00', '0000-00-00'),
(791, 1, 2, 6, 'AK104113000791', 'Wooden spatula - Big', 133, 6, 6, 196, 4.00, 0.00, 1, '', '2013-10-01', 0.00, '0000-00-00', '0000-00-00'),
(792, 1, 2, 6, 'AK104113000792', 'Wooden spatula - Small', 133, 6, 6, 196, 4.00, 0.00, 1, '', '2013-10-01', 0.00, '0000-00-00', '0000-00-00'),
(793, 1, 2, 6, 'AK104113000793', 'Cetakan cendol/jelly bag', 133, 6, 6, 196, 1.00, 0.00, 1, '', '2013-10-01', 0.00, '0000-00-00', '0000-00-00'),
(794, 1, 2, 6, 'AK104113000794', 'Sharpener', 133, 6, 6, 196, 3.00, 0.00, 1, '', '2013-10-01', 0.00, '0000-00-00', '0000-00-00'),
(795, 1, 2, 6, 'AK104113000795', 'Boneles knife', 133, 6, 6, 196, 2.00, 0.00, 1, '', '2013-10-01', 0.00, '0000-00-00', '0000-00-00'),
(796, 1, 2, 6, 'AK104113000796', 'Pizza cuter', 133, 6, 6, 196, 2.00, 0.00, 1, '', '2013-10-01', 0.00, '0000-00-00', '0000-00-00'),
(797, 1, 2, 6, 'AK104113000797', 'Cool box', 112, 6, 6, 196, 2.00, 0.00, 1, '', '2013-10-01', 0.00, '0000-00-00', '0000-00-00'),
(798, 1, 2, 6, 'AK104113000798', 'Big container', 133, 6, 6, 196, 13.00, 0.00, 1, '', '2013-10-01', 0.00, '0000-00-00', '0000-00-00'),
(799, 1, 2, 6, 'AK104113000799', 'Medium container', 133, 6, 6, 196, 26.00, 0.00, 1, '', '2013-10-01', 0.00, '0000-00-00', '0000-00-00'),
(800, 1, 2, 6, 'AK104113000800', 'Garbage container with pedal', 133, 6, 6, 196, 5.00, 0.00, 1, '', '2013-10-01', 0.00, '0000-00-00', '0000-00-00'),
(801, 1, 2, 6, 'AK104113000801', 'Garbage container with wheel', 133, 6, 6, 196, 4.00, 0.00, 1, '', '2013-10-01', 0.00, '0000-00-00', '0000-00-00'),
(802, 1, 2, 6, 'AK104113000802', 'Strainer', 133, 6, 6, 196, 2.00, 0.00, 1, '', '2013-10-01', 0.00, '0000-00-00', '0000-00-00'),
(803, 1, 2, 6, 'AK104113000803', 'Bouillon strainer', 133, 6, 6, 196, 1.00, 0.00, 1, '', '2013-10-01', 0.00, '0000-00-00', '0000-00-00'),
(804, 1, 2, 6, 'AK104113000804', 'Noodle basket', 133, 6, 6, 196, 1.00, 0.00, 1, '', '2013-10-01', 0.00, '0000-00-00', '0000-00-00'),
(805, 1, 2, 6, 'AK104113000805', 'Wajan', 133, 6, 6, 196, 4.00, 0.00, 1, '', '2013-10-01', 0.00, '0000-00-00', '0000-00-00'),
(806, 1, 2, 6, 'AK104113000806', 'Cleaver', 133, 6, 6, 196, 2.00, 0.00, 1, '', '2013-10-01', 0.00, '0000-00-00', '0000-00-00'),
(807, 1, 2, 6, 'AK104113000807', 'Bread knife', 133, 6, 6, 196, 3.00, 0.00, 1, '', '2013-10-01', 0.00, '0000-00-00', '0000-00-00'),
(808, 1, 2, 6, 'AK104113000808', 'Butcher knife - Black', 133, 6, 6, 196, 1.00, 0.00, 1, '', '2013-10-01', 0.00, '0000-00-00', '0000-00-00'),
(809, 1, 2, 6, 'AK104113000809', 'Butcher knife - Yellow', 133, 6, 6, 196, 1.00, 0.00, 1, '', '2013-10-01', 0.00, '0000-00-00', '0000-00-00'),
(810, 1, 2, 6, 'AK104113000810', 'Kitchen knife', 133, 6, 6, 196, 9.00, 0.00, 1, '', '2013-10-01', 0.00, '0000-00-00', '0000-00-00'),
(811, 1, 2, 6, 'AK104113000811', 'Palette knife', 133, 6, 6, 196, 2.00, 0.00, 1, '', '2013-10-01', 0.00, '0000-00-00', '0000-00-00'),
(812, 1, 2, 6, 'AK104113000812', 'Cup Chiller Machine', 133, 6, 6, 196, 1.00, 0.00, 1, '', '2013-10-01', 0.00, '0000-00-00', '0000-00-00'),
(813, 1, 2, 6, 'AK104113000813', 'Insert 15x30 - High', 133, 6, 6, 196, 4.00, 0.00, 1, '', '2013-10-01', 0.00, '0000-00-00', '0000-00-00'),
(814, 1, 2, 6, 'AK104113000814', 'Insert 15x30 - Short', 133, 6, 6, 196, 3.00, 0.00, 1, '', '2013-10-01', 0.00, '0000-00-00', '0000-00-00'),
(815, 1, 2, 6, 'AK104113000815', 'Insert 14x24', 133, 6, 6, 196, 4.00, 0.00, 1, '', '2013-10-01', 0.00, '0000-00-00', '0000-00-00'),
(816, 1, 2, 6, 'AK104113000816', 'Insert 23x29', 133, 6, 6, 196, 4.00, 0.00, 1, '', '2013-10-01', 0.00, '0000-00-00', '0000-00-00'),
(817, 1, 2, 6, 'AK104113000817', 'Insert 24x30', 133, 6, 6, 196, 3.00, 0.00, 1, '', '2013-10-01', 0.00, '0000-00-00', '0000-00-00'),
(818, 1, 2, 6, 'AK104113000818', 'Insert 8x15', 133, 6, 6, 196, 4.00, 0.00, 1, '', '2013-10-01', 0.00, '0000-00-00', '0000-00-00'),
(819, 1, 2, 6, 'AK104113000819', 'Insert 14x15', 133, 6, 6, 196, 4.00, 0.00, 1, '', '2013-10-01', 0.00, '0000-00-00', '0000-00-00'),
(820, 1, 2, 6, 'AK104113000820', 'Insert 30x50', 133, 6, 6, 196, 25.00, 0.00, 1, '', '2013-10-01', 0.00, '0000-00-00', '0000-00-00'),
(821, 1, 2, 6, 'AK104113000821', 'Souce Pan 11 cm', 133, 6, 6, 196, 3.00, 0.00, 1, '', '2013-10-01', 0.00, '0000-00-00', '0000-00-00'),
(822, 1, 2, 6, 'AK104113000822', 'Dandang Bakso', 133, 6, 6, 196, 1.00, 0.00, 1, '', '2013-10-01', 0.00, '0000-00-00', '0000-00-00'),
(823, 1, 2, 6, 'AK104113000823', 'Soup Tourin Roll Top', 133, 6, 6, 196, 1.00, 0.00, 1, '', '2013-10-01', 0.00, '0000-00-00', '0000-00-00'),
(824, 1, 3, 16, 'AK205213000824', 'Rak Besi - Orange', 133, 6, 6, 196, 1.00, 0.00, 1, '', '2013-10-01', 0.00, '0000-00-00', '0000-00-00'),
(825, 1, 2, 6, 'AK104113000825', 'Packing Trays', 133, 6, 6, 196, 21.00, 0.00, 1, '', '2013-10-01', 0.00, '0000-00-00', '0000-00-00'),
(826, 1, 2, 6, 'AK104113000826', 'Individual Dessert Glass', 133, 6, 6, 196, 9.00, 0.00, 1, '', '2013-10-01', 0.00, '0000-00-00', '0000-00-00'),
(827, 1, 3, 12, 'AK204213000827', 'Keeper Box Plastic 2Ltr Kecil & Besar', 133, 6, 6, 196, 50.00, 0.00, 1, '', '2013-10-01', 0.00, '0000-00-00', '0000-00-00'),
(828, 1, 2, 6, 'AK104113000828', 'Thermos Rice - Big', 133, 6, 6, 196, 4.00, 0.00, 1, '', '2013-10-01', 0.00, '0000-00-00', '0000-00-00'),
(829, 1, 2, 6, 'AK104113000829', 'Thermos Rice - Small', 133, 6, 6, 196, 1.00, 0.00, 1, '', '2013-10-01', 0.00, '0000-00-00', '0000-00-00'),
(830, 1, 2, 6, 'AK104113000830', 'Peeler', 133, 6, 6, 196, 0.00, 0.00, 3, '', '2013-10-01', 0.00, '0000-00-00', '0000-00-00'),
(831, 1, 2, 3, 'AK101113000831', 'IT - Monitor', 68, 7, 7, 197, 1.00, 0.00, 1, '', '2013-10-01', 0.00, '0000-00-00', '0000-00-00'),
(832, 1, 2, 3, 'AK101113000832', 'IT - CPU ', 68, 7, 7, 197, 1.00, 0.00, 1, '', '2013-10-01', 0.00, '0000-00-00', '0000-00-00'),
(833, 1, 2, 3, 'AK101113000833', 'IT - Printer Infus', 43, 7, 7, 197, 1.00, 0.00, 1, '', '2013-10-01', 0.00, '0000-00-00', '0000-00-00'),
(834, 1, 2, 3, 'AK101113000834', 'IT - Printer Kitchen CO', 42, 7, 7, 197, 1.00, 0.00, 1, '', '2013-10-01', 0.00, '0000-00-00', '0000-00-00'),
(835, 1, 2, 3, 'AK101113000835', 'IT - HUB Ethernet', 203, 7, 7, 197, 1.00, 0.00, 1, '', '2013-10-01', 0.00, '0000-00-00', '0000-00-00'),
(836, 1, 2, 3, 'AK101113000836', 'IT - Notebook', 34, 7, 7, 197, 2.00, 0.00, 1, 'Pemb. Maret 2019, B. Opr', '2013-10-01', 0.00, '0000-00-00', '0000-00-00'),
(837, 1, 2, 3, 'AK101113000837', 'IT - Mouse Wireless', 108, 7, 7, 197, 1.00, 0.00, 1, 'Pemb. Sept 2019, B. Opr', '2013-10-01', 0.00, '0000-00-00', '0000-00-00'),
(838, 1, 2, 4, 'AK102113000838', 'Table Manager', 133, 7, 7, 197, 2.00, 0.00, 1, '', '2013-10-01', 0.00, '0000-00-00', '0000-00-00'),
(839, 1, 2, 4, 'AK102113000839', 'Chair Manager', 67, 7, 7, 197, 1.00, 0.00, 1, '', '2013-10-01', 0.00, '0000-00-00', '0000-00-00'),
(840, 1, 2, 4, 'AK102113000840', 'Chair Staff', 67, 7, 7, 197, 1.00, 0.00, 1, '', '2013-10-01', 0.00, '0000-00-00', '0000-00-00'),
(841, 1, 2, 4, 'AK102113000841', 'Filling Cabinet Large', 13, 7, 7, 197, 2.00, 0.00, 1, '', '2013-10-01', 0.00, '0000-00-00', '0000-00-00'),
(842, 1, 2, 4, 'AK102113000842', 'Cup Board Large', 133, 7, 7, 197, 2.00, 0.00, 1, '', '2013-10-01', 0.00, '0000-00-00', '0000-00-00'),
(843, 1, 2, 4, 'AK102113000843', 'Work Station 3 set', 133, 7, 7, 197, 1.00, 0.00, 1, '', '2013-10-01', 0.00, '0000-00-00', '0000-00-00'),
(844, 1, 2, 4, 'AK102113000844', 'Rack Besi', 133, 7, 7, 197, 10.00, 0.00, 1, '', '2013-10-01', 0.00, '0000-00-00', '0000-00-00'),
(845, 1, 2, 9, 'AK107113000845', 'White Board', 133, 7, 7, 197, 1.00, 0.00, 1, '', '2013-10-01', 0.00, '0000-00-00', '0000-00-00'),
(846, 1, 2, 9, 'AK107113000846', 'First Aid Box', 133, 7, 7, 197, 1.00, 0.00, 1, '', '2013-10-01', 0.00, '0000-00-00', '0000-00-00'),
(847, 1, 2, 9, 'AK107113000847', 'Telephone', 143, 7, 7, 197, 2.00, 0.00, 1, 'Pemb FFNE2019', '2013-10-01', 0.00, '0000-00-00', '0000-00-00'),
(848, 1, 2, 9, 'AK107113000848', 'Handy Talky', 121, 7, 7, 197, 5.00, 0.00, 1, 'Chef - 1, FBM - 1, FBS - 3', '2013-10-01', 0.00, '0000-00-00', '0000-00-00'),
(849, 1, 2, 9, 'AK107113000849', 'Laser Pointer', 149, 7, 7, 197, 2.00, 0.00, 1, '', '2013-10-01', 0.00, '0000-00-00', '0000-00-00'),
(850, 1, 2, 8, 'AK106113000850', 'Guest napkin(Red)', 133, 7, 7, 198, 358.00, 0.00, 1, '', '2013-10-01', 0.00, '0000-00-00', '0000-00-00'),
(851, 1, 2, 8, 'AK106113000851', 'Guest napkin(white)', 133, 7, 7, 198, 435.00, 0.00, 1, '', '2013-10-01', 0.00, '0000-00-00', '0000-00-00'),
(852, 1, 2, 8, 'AK106113000852', 'Velvet table (Blue)', 133, 7, 7, 198, 35.00, 0.00, 1, '', '2013-10-01', 0.00, '0000-00-00', '0000-00-00'),
(853, 1, 2, 8, 'AK106113000853', 'Round table cloth (White)', 133, 7, 7, 198, 39.00, 0.00, 1, 'OO 19', '2013-10-01', 0.00, '0000-00-00', '0000-00-00'),
(854, 1, 2, 8, 'AK106113000854', 'Square table cloth (White)', 133, 7, 7, 198, 15.00, 0.00, 1, '', '2013-10-01', 0.00, '0000-00-00', '0000-00-00'),
(855, 1, 2, 8, 'AK106113000855', 'Skirting table gold', 133, 7, 7, 198, 12.00, 0.00, 1, '', '2013-10-01', 0.00, '0000-00-00', '0000-00-00'),
(856, 1, 2, 8, 'AK106113000856', 'Skirting table grey', 133, 7, 7, 198, 11.00, 0.00, 1, '', '2013-10-01', 0.00, '0000-00-00', '0000-00-00'),
(857, 1, 2, 8, 'AK106113000857', 'Seat Cover', 133, 7, 7, 198, 394.00, 0.00, 1, '', '2013-10-01', 0.00, '0000-00-00', '0000-00-00'),
(858, 1, 2, 8, 'AK106113000858', 'Skirting stage blue 12x30 cm', 133, 7, 7, 198, 2.00, 0.00, 1, '', '2013-10-01', 0.00, '0000-00-00', '0000-00-00'),
(859, 1, 2, 8, 'AK106113000859', 'Skirting stage blue 12x60 cm', 133, 7, 7, 198, 2.00, 0.00, 1, '', '2013-10-01', 0.00, '0000-00-00', '0000-00-00'),
(860, 1, 2, 8, 'AK106113000860', 'Skirting stage red 12x30 cm', 133, 7, 7, 198, 2.00, 0.00, 1, '', '2013-10-01', 0.00, '0000-00-00', '0000-00-00'),
(861, 1, 2, 8, 'AK106113000861', 'Skirting stage red 12x60 cm', 133, 7, 7, 198, 2.00, 0.00, 1, '', '2013-10-01', 0.00, '0000-00-00', '0000-00-00'),
(862, 1, 2, 3, 'AK101113000862', 'IT - PC POS', 68, 7, 7, 199, 1.00, 0.00, 1, '', '2013-10-01', 0.00, '0000-00-00', '0000-00-00'),
(863, 1, 2, 3, 'AK101113000863', 'IT - Printer POS', 44, 7, 7, 199, 1.00, 0.00, 1, '', '2013-10-01', 0.00, '0000-00-00', '0000-00-00'),
(864, 1, 2, 3, 'AK101113000864', 'IT - UPS', 6, 7, 7, 199, 1.00, 0.00, 1, '', '2013-10-01', 0.00, '0000-00-00', '0000-00-00'),
(865, 1, 2, 9, 'AK107113000865', 'Telephone PABX', 133, 7, 7, 199, 1.00, 0.00, 1, '', '2013-10-01', 0.00, '0000-00-00', '0000-00-00'),
(866, 1, 2, 9, 'AK107113000866', 'Telephone', 205, 7, 7, 199, 2.00, 0.00, 1, '', '2013-10-01', 0.00, '0000-00-00', '0000-00-00'),
(867, 1, 2, 9, 'AK107113000867', 'Cash Box', 133, 7, 7, 199, 2.00, 0.00, 1, '', '2013-10-01', 0.00, '0000-00-00', '0000-00-00'),
(868, 1, 2, 9, 'AK107113000868', 'Cash Register Casio', 22, 7, 7, 199, 1.00, 0.00, 1, 'di pinjam FSB', '2013-10-01', 0.00, '0000-00-00', '0000-00-00'),
(869, 1, 2, 9, 'AK107113000869', 'Money Detector', 133, 7, 7, 199, 1.00, 0.00, 1, '', '2013-10-01', 0.00, '0000-00-00', '0000-00-00'),
(870, 1, 3, 10, 'AK202213000870', 'Table Dinning', 133, 7, 7, 199, 21.00, 0.00, 1, '', '2013-10-01', 0.00, '0000-00-00', '0000-00-00'),
(871, 1, 3, 10, 'AK202213000871', 'Chair Dinning', 133, 7, 7, 199, 30.00, 0.00, 1, '', '2013-10-01', 0.00, '0000-00-00', '0000-00-00'),
(872, 1, 3, 10, 'AK202213000872', 'Sofa Corner Purple', 133, 7, 7, 199, 2.00, 0.00, 1, '', '2013-10-01', 0.00, '0000-00-00', '0000-00-00'),
(873, 1, 3, 10, 'AK202213000873', 'Sofa Single', 133, 7, 7, 199, 17.00, 0.00, 1, '', '2013-10-01', 0.00, '0000-00-00', '0000-00-00'),
(874, 1, 3, 10, 'AK202213000874', 'Table Sintetis Rotan', 133, 7, 7, 199, 14.00, 0.00, 1, '', '2013-10-01', 0.00, '0000-00-00', '0000-00-00'),
(875, 1, 3, 10, 'AK202213000875', 'Chair Sintetis Rotan', 133, 7, 7, 199, 36.00, 0.00, 1, '', '2013-10-01', 0.00, '0000-00-00', '0000-00-00'),
(876, 1, 3, 10, 'AK202213000876', 'Rack Display ', 133, 7, 7, 199, 1.00, 0.00, 1, '', '2013-10-01', 0.00, '0000-00-00', '0000-00-00'),
(877, 1, 3, 10, 'AK202213000877', 'Table Buffet', 133, 7, 7, 199, 2.00, 0.00, 1, '', '2013-10-01', 0.00, '0000-00-00', '0000-00-00'),
(878, 1, 3, 10, 'AK202213000878', 'Podium Cabinet Casir', 133, 7, 7, 199, 2.00, 0.00, 1, '', '2013-10-01', 0.00, '0000-00-00', '0000-00-00'),
(879, 1, 3, 10, 'AK202213000879', 'Cup Board Large', 133, 7, 7, 199, 1.00, 0.00, 1, '', '2013-10-01', 0.00, '0000-00-00', '0000-00-00'),
(880, 1, 3, 10, 'AK202213000880', 'Hanging Ciling Fan', 133, 7, 7, 199, 2.00, 0.00, 1, '', '2013-10-01', 0.00, '0000-00-00', '0000-00-00'),
(881, 1, 3, 10, 'AK202213000881', 'Salad Bar ', 133, 7, 7, 199, 2.00, 0.00, 1, '', '2013-10-01', 0.00, '0000-00-00', '0000-00-00'),
(882, 1, 3, 11, 'AK203213000882', 'LED TV 40 \" + Bracket', 133, 7, 7, 199, 2.00, 0.00, 1, '', '2013-10-01', 0.00, '0000-00-00', '0000-00-00'),
(883, 1, 3, 10, 'AK202213000883', 'Cup Board Cutleries Cabinet', 133, 7, 7, 199, 2.00, 0.00, 1, '', '2013-10-01', 0.00, '0000-00-00', '0000-00-00'),
(884, 1, 3, 10, 'AK202213000884', 'Baby Chair', 133, 7, 7, 199, 2.00, 0.00, 1, '', '2013-10-01', 0.00, '0000-00-00', '0000-00-00'),
(885, 1, 3, 10, 'AK202213000885', 'Rombong Pikul', 133, 7, 7, 199, 1.00, 0.00, 1, '', '2013-10-01', 0.00, '0000-00-00', '0000-00-00'),
(886, 1, 3, 10, 'AK202213000886', 'Dekorasi Kayu jati (Daun Jati)', 133, 7, 7, 199, 1.00, 0.00, 1, '', '2013-10-01', 0.00, '0000-00-00', '0000-00-00'),
(887, 1, 3, 10, 'AK202213000887', 'Dekorasi Wayang Kulit', 133, 7, 7, 199, 6.00, 0.00, 1, '', '2013-10-01', 0.00, '0000-00-00', '0000-00-00'),
(888, 1, 3, 11, 'AK203213000888', 'Small Speaker', 133, 7, 7, 199, 12.00, 0.00, 1, '', '2013-10-01', 0.00, '0000-00-00', '0000-00-00'),
(889, 1, 3, 11, 'AK203213000889', 'Speaker besar', 133, 7, 7, 199, 2.00, 0.00, 1, '', '2013-10-01', 0.00, '0000-00-00', '0000-00-00'),
(890, 1, 3, 11, 'AK203213000890', 'Projector Remote', 143, 7, 7, 199, 4.00, 0.00, 1, '', '2013-10-01', 0.00, '0000-00-00', '0000-00-00'),
(891, 1, 3, 11, 'AK203213000891', 'Screen Remote', 158, 7, 7, 199, 3.00, 0.00, 1, '', '2013-10-01', 0.00, '0000-00-00', '0000-00-00'),
(892, 1, 3, 11, 'AK203213000892', 'AC Remote', 114, 7, 7, 199, 2.00, 0.00, 1, '', '2013-10-01', 0.00, '0000-00-00', '0000-00-00'),
(893, 1, 3, 13, 'AK207213000893', 'Toast Bread Display 3 Rack', 133, 7, 7, 199, 1.00, 0.00, 1, '', '2013-10-01', 0.00, '0000-00-00', '0000-00-00'),
(894, 1, 2, 9, 'AK107113000894', 'Head Count Manual', 133, 7, 7, 199, 2.00, 0.00, 1, '', '2013-10-01', 0.00, '0000-00-00', '0000-00-00'),
(895, 1, 2, 9, 'AK107113000895', 'Food Tag Acrylic + Stand', 133, 7, 7, 199, 46.00, 0.00, 1, '', '2013-10-01', 0.00, '0000-00-00', '0000-00-00'),
(896, 1, 2, 9, 'AK107113000896', 'GS-Ashtray', 133, 7, 7, 199, 17.00, 0.00, 1, '', '2013-10-01', 0.00, '0000-00-00', '0000-00-00'),
(897, 1, 2, 8, 'AK106113000897', 'Barier Gate Blue', 133, 7, 7, 199, 6.00, 0.00, 1, 'Pemb FFNE2019', '2013-10-01', 0.00, '0000-00-00', '0000-00-00'),
(898, 1, 2, 9, 'AK107113000898', 'Telephone', 205, 7, 7, 200, 1.00, 0.00, 1, '', '2013-10-01', 0.00, '0000-00-00', '0000-00-00'),
(899, 1, 3, 10, 'AK202213000899', 'Round Table Marble Big', 133, 7, 7, 200, 4.00, 0.00, 1, '', '2013-10-01', 0.00, '0000-00-00', '0000-00-00'),
(900, 1, 3, 10, 'AK202213000900', 'Round Table Marble Small', 133, 7, 7, 200, 17.00, 0.00, 1, '', '2013-10-01', 0.00, '0000-00-00', '0000-00-00'),
(901, 1, 3, 10, 'AK202213000901', 'Round Table Marble High', 133, 7, 7, 200, 2.00, 0.00, 1, '', '2013-10-01', 0.00, '0000-00-00', '0000-00-00'),
(902, 1, 3, 10, 'AK202213000902', 'Chair Bar Wooden', 133, 7, 7, 200, 14.00, 0.00, 1, '', '2013-10-01', 0.00, '0000-00-00', '0000-00-00'),
(903, 1, 3, 10, 'AK202213000903', 'High Chair Bar', 133, 7, 7, 200, 40.00, 0.00, 1, '', '2013-10-01', 0.00, '0000-00-00', '0000-00-00'),
(904, 1, 3, 10, 'AK202213000904', 'Ion Plasmacluster', 133, 7, 7, 200, 3.00, 0.00, 1, '', '2013-10-01', 0.00, '0000-00-00', '0000-00-00'),
(905, 1, 3, 10, 'AK202213000905', 'One Seaeter  Sofa', 133, 7, 7, 200, 17.00, 0.00, 1, '', '2013-10-01', 0.00, '0000-00-00', '0000-00-00'),
(906, 1, 3, 10, 'AK202213000906', 'Cup Board Cutleries Cabinet', 133, 7, 7, 200, 1.00, 0.00, 1, '', '2013-10-01', 0.00, '0000-00-00', '0000-00-00'),
(907, 1, 3, 10, 'AK202213000907', 'Cup Board Small', 133, 7, 7, 200, 2.00, 0.00, 1, '', '2013-10-01', 0.00, '0000-00-00', '0000-00-00'),
(908, 1, 3, 10, 'AK202213000908', 'Table Marble Rectangular', 133, 7, 7, 200, 3.00, 0.00, 1, '', '2013-10-01', 0.00, '0000-00-00', '0000-00-00'),
(909, 1, 3, 10, 'AK202213000909', 'Bilyard', 133, 7, 7, 200, 1.00, 0.00, 1, '', '2013-10-01', 0.00, '0000-00-00', '0000-00-00'),
(910, 1, 3, 10, 'AK202213000910', 'Sofa Corner 21 Seater Brown', 133, 7, 7, 200, 1.00, 0.00, 1, '', '2013-10-01', 0.00, '0000-00-00', '0000-00-00'),
(911, 1, 3, 10, 'AK202213000911', 'Hanging Speaker', 157, 7, 7, 200, 4.00, 0.00, 1, '', '2013-10-01', 0.00, '0000-00-00', '0000-00-00'),
(912, 1, 3, 10, 'AK202213000912', 'Hanging Turbo Bass', 157, 7, 7, 200, 1.00, 0.00, 1, '', '2013-10-01', 0.00, '0000-00-00', '0000-00-00'),
(913, 1, 3, 10, 'AK202213000913', 'Hanging Cilling Fan', 26, 7, 7, 200, 4.00, 0.00, 1, '', '2013-10-01', 0.00, '0000-00-00', '0000-00-00'),
(914, 1, 3, 10, 'AK202213000914', 'Hanging Lamp', 133, 7, 7, 200, 3.00, 0.00, 1, '', '2013-10-01', 0.00, '0000-00-00', '0000-00-00'),
(915, 1, 3, 10, 'AK202213000915', 'Sofa Corner 7 Seater  Dark Blue', 133, 7, 7, 200, 2.00, 0.00, 1, '', '2013-10-01', 0.00, '0000-00-00', '0000-00-00'),
(916, 1, 3, 10, 'AK202213000916', 'Podium Cabinet', 133, 7, 7, 200, 1.00, 0.00, 1, '', '2013-10-01', 0.00, '0000-00-00', '0000-00-00'),
(917, 1, 3, 11, 'AK203213000917', 'Sound System Down & Standing ', 157, 7, 7, 201, 2.00, 0.00, 1, '', '2013-10-01', 0.00, '0000-00-00', '0000-00-00'),
(918, 1, 3, 11, 'AK203213000918', 'Mixer Sound System', 4, 7, 7, 201, 1.00, 0.00, 1, '', '2013-10-01', 0.00, '0000-00-00', '0000-00-00'),
(919, 1, 3, 11, 'AK203213000919', 'Amplifire ', 133, 7, 7, 201, 3.00, 0.00, 1, '', '2013-10-01', 0.00, '0000-00-00', '0000-00-00'),
(920, 1, 3, 11, 'AK203213000920', 'Tv Kecil', 148, 7, 7, 201, 1.00, 0.00, 1, '', '2013-10-01', 0.00, '0000-00-00', '0000-00-00'),
(921, 1, 2, 6, 'AK104113000921', 'Ice Cream Scoop', 133, 7, 7, 201, 1.00, 0.00, 1, '', '2013-10-01', 0.00, '0000-00-00', '0000-00-00'),
(922, 1, 2, 9, 'AK107113000922', 'Tent Card Acrylic Aston', 133, 7, 7, 202, 56.00, 0.00, 1, '', '2013-10-01', 0.00, '0000-00-00', '0000-00-00'),
(923, 1, 2, 8, 'AK106113000923', 'Sound System + Standing', 215, 7, 7, 203, 2.00, 0.00, 1, '', '2013-10-01', 0.00, '0000-00-00', '0000-00-00'),
(924, 1, 2, 8, 'AK106113000924', 'Mixer Sound System ', 215, 7, 7, 203, 0.00, 0.00, 1, '', '2013-10-01', 0.00, '0000-00-00', '0000-00-00'),
(925, 1, 2, 8, 'AK106113000925', 'Mic Wireless', 123, 7, 7, 203, 1.00, 0.00, 1, '1 set dengan receiver', '2013-10-01', 0.00, '0000-00-00', '0000-00-00'),
(926, 1, 2, 8, 'AK106113000926', 'Meeting Chair', 133, 7, 7, 204, 12.00, 0.00, 1, '', '2013-10-01', 0.00, '0000-00-00', '0000-00-00'),
(927, 1, 2, 8, 'AK106113000927', 'Screen ', 133, 7, 7, 204, 1.00, 0.00, 1, '', '2013-10-01', 0.00, '0000-00-00', '0000-00-00'),
(928, 1, 2, 8, 'AK106113000928', 'Screen', 133, 7, 7, 205, 3.00, 0.00, 1, 'Pemb. Agust 2019, B. Opr', '2013-10-01', 0.00, '0000-00-00', '0000-00-00'),
(929, 1, 2, 8, 'AK106113000929', 'Lcd Projector', 143, 7, 7, 205, 2.00, 0.00, 1, 'Pemb. Sept 2019 - Dana LnB/Breakage', '2013-10-01', 0.00, '0000-00-00', '0000-00-00'),
(930, 1, 2, 8, 'AK106113000930', 'Sound System + Standing', 215, 7, 7, 206, 4.00, 0.00, 1, 'di pinjam FSB - 2', '2013-10-01', 0.00, '0000-00-00', '0000-00-00'),
(931, 1, 2, 8, 'AK106113000931', 'Mixer Sound System ', 186, 7, 7, 207, 1.00, 0.00, 1, '', '2013-10-01', 0.00, '0000-00-00', '0000-00-00'),
(932, 1, 2, 8, 'AK106113000932', 'Amplifire ', 89, 7, 7, 207, 1.00, 0.00, 1, '', '2013-10-01', 0.00, '0000-00-00', '0000-00-00'),
(933, 1, 2, 8, 'AK106113000933', 'Sound System + Standing', 89, 7, 7, 208, 4.00, 0.00, 1, 'Performa suara kurang', '2013-10-01', 0.00, '0000-00-00', '0000-00-00'),
(934, 1, 2, 8, 'AK106113000934', 'Standing Mic Besar', 133, 7, 7, 209, 9.00, 0.00, 1, 'Good - 3 , Need to be repaired - 6', '2013-10-01', 0.00, '0000-00-00', '0000-00-00'),
(935, 1, 2, 8, 'AK106113000935', 'Standing Mic Kecil', 133, 7, 7, 209, 2.00, 0.00, 1, '', '2013-10-01', 0.00, '0000-00-00', '0000-00-00'),
(936, 1, 2, 6, 'AK104113000936', 'Counter Cabinet w/ 2 Door Swing', 133, 7, 7, 210, 1.00, 0.00, 1, '', '2013-10-01', 0.00, '0000-00-00', '0000-00-00'),
(937, 1, 2, 9, 'AK107113000937', 'White Board Medium', 133, 7, 7, 210, 1.00, 0.00, 1, '', '2013-10-01', 0.00, '0000-00-00', '0000-00-00'),
(938, 1, 3, 12, 'AK204213000938', 'Bar Blender (S/S Bowl)', 133, 7, 7, 211, 1.00, 0.00, 1, '', '2013-10-01', 0.00, '0000-00-00', '0000-00-00'),
(939, 1, 3, 12, 'AK204213000939', 'Cabinet 2 Doors Sliding', 133, 7, 7, 211, 1.00, 0.00, 1, '', '2013-10-01', 0.00, '0000-00-00', '0000-00-00'),
(940, 1, 3, 12, 'AK204213000940', 'Ice Well w/ Speed Reil', 133, 7, 7, 211, 1.00, 0.00, 1, '', '2013-10-01', 0.00, '0000-00-00', '0000-00-00'),
(941, 1, 3, 12, 'AK204213000941', 'Table for Rack Glass', 133, 7, 7, 211, 1.00, 0.00, 1, '', '2013-10-01', 0.00, '0000-00-00', '0000-00-00'),
(942, 1, 3, 12, 'AK204213000942', 'Sink 1 Bowl w/ Faucet Cold', 133, 7, 7, 211, 1.00, 0.00, 1, '', '2013-10-01', 0.00, '0000-00-00', '0000-00-00'),
(943, 1, 3, 12, 'AK204213000943', 'Work Table 1 Level', 133, 7, 7, 211, 1.00, 0.00, 1, '', '2013-10-01', 0.00, '0000-00-00', '0000-00-00'),
(944, 1, 3, 12, 'AK204213000944', 'Blender Box', 133, 7, 7, 211, 1.00, 0.00, 1, '', '2013-10-01', 0.00, '0000-00-00', '0000-00-00'),
(945, 1, 3, 12, 'AK204213000945', 'Panel Box', 133, 7, 7, 211, 10.00, 0.00, 1, '', '2013-10-01', 0.00, '0000-00-00', '0000-00-00'),
(946, 1, 2, 9, 'AK107113000946', 'First Aid Box', 133, 7, 7, 211, 1.00, 0.00, 1, '', '2013-10-01', 0.00, '0000-00-00', '0000-00-00'),
(947, 1, 2, 8, 'AK106113000947', 'Ribbon Chair (gold)', 133, 7, 7, 212, 529.00, 0.00, 1, '', '2013-10-01', 0.00, '0000-00-00', '0000-00-00'),
(948, 1, 2, 8, 'AK106113000948', 'Ribbon Chair (red)', 133, 7, 7, 212, 513.00, 0.00, 1, '', '2013-10-01', 0.00, '0000-00-00', '0000-00-00'),
(949, 1, 2, 8, 'AK106113000949', 'Ibm Table', 133, 7, 7, 212, 168.00, 0.00, 1, '', '2013-10-01', 0.00, '0000-00-00', '0000-00-00'),
(950, 1, 2, 8, 'AK106113000950', 'Standing Hollow Lazy Susan ', 133, 7, 7, 212, 12.00, 0.00, 1, '', '2013-10-01', 0.00, '0000-00-00', '0000-00-00'),
(951, 1, 2, 8, 'AK106113000951', 'Partition Key', 133, 7, 7, 212, 2.00, 0.00, 1, '', '2013-10-01', 0.00, '0000-00-00', '0000-00-00'),
(952, 1, 2, 8, 'AK106113000952', 'Flower Vase ( Big )', 133, 7, 7, 212, 6.00, 0.00, 1, 'di pinjam FSB - 2', '2013-10-01', 0.00, '0000-00-00', '0000-00-00'),
(953, 1, 2, 8, 'AK106113000953', 'Flower Vase ( Medium )', 133, 7, 7, 212, 6.00, 0.00, 1, '', '2013-10-01', 0.00, '0000-00-00', '0000-00-00'),
(954, 1, 2, 8, 'AK106113000954', 'Candy Bowl', 133, 7, 7, 212, 24.00, 0.00, 1, '', '2013-10-01', 0.00, '0000-00-00', '0000-00-00'),
(955, 1, 2, 8, 'AK106113000955', 'Lecturn / Podium', 133, 7, 7, 212, 1.00, 0.00, 1, '', '2013-10-01', 0.00, '0000-00-00', '0000-00-00'),
(956, 1, 2, 8, 'AK106113000956', 'Fish Bowl', 133, 7, 7, 212, 3.00, 0.00, 1, '', '2013-10-01', 0.00, '0000-00-00', '0000-00-00'),
(957, 1, 2, 8, 'AK106113000957', 'Flag Pole', 133, 7, 7, 212, 2.00, 0.00, 1, '', '2013-10-01', 0.00, '0000-00-00', '0000-00-00'),
(958, 1, 2, 8, 'AK106113000958', 'Flag Pole Hole', 133, 7, 7, 212, 2.00, 0.00, 1, '', '2013-10-01', 0.00, '0000-00-00', '0000-00-00'),
(959, 1, 2, 8, 'AK106113000959', 'National Flag', 133, 7, 7, 212, 1.00, 0.00, 1, '', '2013-10-01', 0.00, '0000-00-00', '0000-00-00'),
(960, 1, 2, 8, 'AK106113000960', 'State Symbol ( Garuda )', 133, 7, 7, 212, 1.00, 0.00, 1, '', '2013-10-01', 0.00, '0000-00-00', '0000-00-00'),
(961, 1, 2, 8, 'AK106113000961', 'President Photo', 133, 7, 7, 212, 1.00, 0.00, 1, '', '2013-10-01', 0.00, '0000-00-00', '0000-00-00'),
(962, 1, 2, 8, 'AK106113000962', 'Vice President Photo', 133, 7, 7, 212, 1.00, 0.00, 1, '', '2013-10-01', 0.00, '0000-00-00', '0000-00-00'),
(963, 1, 2, 8, 'AK106113000963', 'Judge Hammer', 133, 7, 7, 212, 1.00, 0.00, 1, '', '2013-10-01', 0.00, '0000-00-00', '0000-00-00'),
(964, 1, 2, 8, 'AK106113000964', 'Sign Board', 133, 7, 7, 212, 4.00, 0.00, 1, '', '2013-10-01', 0.00, '0000-00-00', '0000-00-00'),
(965, 1, 2, 8, 'AK106113000965', 'Lcd Projector', 128, 7, 7, 212, 1.00, 0.00, 1, '', '2013-10-01', 0.00, '0000-00-00', '0000-00-00'),
(966, 1, 2, 8, 'AK106113000966', 'Lcd Projector', 129, 7, 7, 212, 2.00, 0.00, 1, '', '2013-10-01', 0.00, '0000-00-00', '0000-00-00'),
(967, 1, 2, 8, 'AK106113000967', 'Barier Gate Blue', 133, 7, 7, 212, 2.00, 0.00, 1, 'Pemb FFNE2019', '2013-10-01', 0.00, '0000-00-00', '0000-00-00'),
(968, 1, 2, 8, 'AK106113000968', 'Gerobag', 133, 7, 7, 213, 1.00, 0.00, 1, 'Need to be repaired', '2013-10-01', 0.00, '0000-00-00', '0000-00-00'),
(969, 1, 3, 13, 'AK207213000969', 'Mic Wireless', 177, 7, 7, 214, 8.00, 0.00, 1, '', '2013-10-01', 0.00, '0000-00-00', '0000-00-00'),
(970, 1, 2, 6, 'AK104113000970', 'Ice Cream Scoop', 133, 7, 7, 215, 1.00, 0.00, 1, '', '2013-10-01', 0.00, '0000-00-00', '0000-00-00'),
(971, 1, 2, 6, 'AK104113000971', 'Toast Bread Slicer', 54, 7, 7, 215, 1.00, 0.00, 1, '', '2013-10-01', 0.00, '0000-00-00', '0000-00-00'),
(972, 1, 2, 3, 'AK101113000972', 'IT - PC POS', 68, 7, 7, 199, 0.00, 0.00, 1, 'Handover to FSB', '2013-10-01', 0.00, '0000-00-00', '0000-00-00'),
(973, 1, 2, 3, 'AK101113000973', 'IT - Printer POS', 44, 7, 7, 199, 0.00, 0.00, 1, 'Handover to FSB', '2013-10-01', 0.00, '0000-00-00', '0000-00-00'),
(974, 1, 3, 11, 'AK203213000974', 'Tv Besar', 185, 7, 7, 201, 1.00, 0.00, 1, 'Plan handover to PMC', '2013-10-01', 0.00, '0000-00-00', '0000-00-00'),
(975, 1, 2, 9, 'AK107113000975', 'Tent Card Acrylic Aston', 133, 7, 7, 202, 0.00, 0.00, 3, '', '2013-10-01', 0.00, '0000-00-00', '0000-00-00'),
(976, 1, 2, 3, 'AK101113000976', 'IT - Notebook', 35, 8, 8, 216, 1.00, 0.00, 1, '', '2013-10-01', 0.00, '0000-00-00', '0000-00-00'),
(977, 1, 2, 3, 'AK101113000977', 'IT - Printer Laser', 74, 8, 8, 216, 1.00, 0.00, 1, '', '2013-10-01', 0.00, '0000-00-00', '0000-00-00'),
(978, 1, 2, 3, 'AK101113000978', 'IT - Printer Desk Jet', 133, 8, 8, 216, 0.00, 0.00, 1, '', '2013-10-01', 0.00, '0000-00-00', '0000-00-00'),
(979, 1, 2, 3, 'AK101113000979', 'IT - Monitor', 68, 8, 8, 216, 2.00, 0.00, 1, '', '2013-10-01', 0.00, '0000-00-00', '0000-00-00'),
(980, 1, 2, 3, 'AK101113000980', 'IT - CPU ', 68, 8, 8, 216, 2.00, 0.00, 1, '', '2013-10-01', 0.00, '0000-00-00', '0000-00-00'),
(981, 1, 2, 4, 'AK102113000981', 'Table Mgr', 133, 8, 8, 216, 3.00, 0.00, 1, '', '2013-10-01', 0.00, '0000-00-00', '0000-00-00'),
(982, 1, 2, 4, 'AK102113000982', 'Chair Mgr', 133, 8, 8, 216, 1.00, 0.00, 1, 'Need to be repaired', '2013-10-01', 0.00, '0000-00-00', '0000-00-00'),
(983, 1, 2, 4, 'AK102113000983', 'Chair Staff', 133, 8, 8, 216, 1.00, 0.00, 1, '', '2013-10-01', 0.00, '0000-00-00', '0000-00-00'),
(984, 1, 2, 4, 'AK102113000984', 'Filling Cabinet Plastik', 133, 8, 8, 216, 1.00, 0.00, 1, '', '2013-10-01', 0.00, '0000-00-00', '0000-00-00'),
(985, 1, 2, 4, 'AK102113000985', 'Rack Besi', 133, 8, 8, 216, 17.00, 0.00, 1, '', '2013-10-01', 0.00, '0000-00-00', '0000-00-00'),
(986, 1, 2, 4, 'AK102113000986', 'Lemari', 133, 8, 8, 216, 1.00, 0.00, 1, '', '2013-10-01', 0.00, '0000-00-00', '0000-00-00'),
(987, 1, 2, 9, 'AK107113000987', 'White Board', 133, 8, 8, 216, 1.00, 0.00, 1, '', '2013-10-01', 0.00, '0000-00-00', '0000-00-00'),
(988, 1, 2, 9, 'AK107113000988', 'Telephone', 143, 8, 8, 216, 3.00, 0.00, 1, '', '2013-10-01', 0.00, '0000-00-00', '0000-00-00'),
(989, 1, 2, 9, 'AK107113000989', 'Telephone', 205, 8, 8, 216, 1.00, 0.00, 1, '', '2013-10-01', 0.00, '0000-00-00', '0000-00-00'),
(990, 1, 2, 9, 'AK107113000990', 'Watch', 170, 8, 8, 216, 2.00, 0.00, 1, '', '2013-10-01', 0.00, '0000-00-00', '0000-00-00'),
(991, 1, 2, 9, 'AK107113000991', 'Garbage', 133, 8, 8, 216, 1.00, 0.00, 1, '', '2013-10-01', 0.00, '0000-00-00', '0000-00-00'),
(992, 1, 2, 9, 'AK107113000992', 'Key Box', 97, 8, 8, 216, 1.00, 0.00, 1, '', '2013-10-01', 0.00, '0000-00-00', '0000-00-00'),
(993, 1, 2, 9, 'AK107113000993', 'Handy Talky', 121, 8, 8, 216, 5.00, 0.00, 1, '', '2013-10-01', 0.00, '0000-00-00', '0000-00-00'),
(994, 1, 2, 9, 'AK107113000994', 'Dry vacuum', 120, 8, 8, 217, 2.00, 0.00, 1, '', '2013-10-01', 0.00, '0000-00-00', '0000-00-00'),
(995, 1, 2, 9, 'AK107113000995', 'Wet & dry vacuum', 96, 8, 8, 217, 2.00, 0.00, 1, '', '2013-10-01', 0.00, '0000-00-00', '0000-00-00'),
(996, 1, 2, 9, 'AK107113000996', 'Wet vacuum', 120, 8, 8, 217, 2.00, 0.00, 1, '', '2013-10-01', 0.00, '0000-00-00', '0000-00-00'),
(997, 1, 2, 9, 'AK107113000997', 'Dry vacuum besar', 120, 8, 8, 217, 1.00, 0.00, 1, '', '2013-10-01', 0.00, '0000-00-00', '0000-00-00'),
(998, 1, 2, 9, 'AK107113000998', 'Low speed', 120, 8, 8, 217, 2.00, 0.00, 1, 'Lantai 6 & Janitor Lobby', '2013-10-01', 0.00, '0000-00-00', '0000-00-00'),
(999, 1, 2, 9, 'AK107113000999', 'Carpet Extractor ', 120, 8, 8, 217, 1.00, 0.00, 1, 'di pinjam FSB', '2013-10-01', 0.00, '0000-00-00', '0000-00-00'),
(1000, 1, 2, 9, 'AK107113001000', 'Blower', 120, 8, 8, 217, 2.00, 0.00, 1, 'di pinjam FSB', '2013-10-01', 0.00, '0000-00-00', '0000-00-00'),
(1001, 1, 2, 9, 'AK107113001001', 'High pressure', 188, 8, 8, 217, 1.00, 0.00, 1, '', '2013-10-01', 0.00, '0000-00-00', '0000-00-00'),
(1002, 1, 2, 9, 'AK107113001002', 'Ozonizer', 39, 8, 8, 217, 2.00, 0.00, 1, '', '2013-10-01', 0.00, '0000-00-00', '0000-00-00'),
(1003, 1, 2, 9, 'AK107113001003', 'Bed Bug Vacuum ', 88, 8, 8, 217, 1.00, 0.00, 1, '', '2013-10-01', 0.00, '0000-00-00', '0000-00-00'),
(1004, 1, 2, 9, 'AK107113001004', 'Trolley Room Attendant (Room Boy)', 133, 8, 8, 217, 7.00, 0.00, 1, '', '2013-10-01', 0.00, '0000-00-00', '0000-00-00'),
(1005, 1, 2, 9, 'AK107113001005', 'Mukenah Bordir', 133, 8, 8, 217, 5.00, 0.00, 1, '', '2013-10-01', 0.00, '0000-00-00', '0000-00-00'),
(1006, 1, 2, 9, 'AK107113001006', 'Pelampung', 133, 8, 8, 217, 5.00, 0.00, 1, '', '2013-10-01', 0.00, '0000-00-00', '0000-00-00'),
(1007, 1, 2, 9, 'AK107113001007', 'Bendera', 133, 8, 8, 217, 30.00, 0.00, 1, '', '2013-10-01', 0.00, '0000-00-00', '0000-00-00'),
(1008, 1, 2, 9, 'AK107113001008', 'Water Jug', 109, 8, 8, 217, 147.00, 0.00, 1, '', '2013-10-01', 0.00, '0000-00-00', '0000-00-00'),
(1009, 1, 3, 13, 'AK207213001009', 'TV 40\' ', 159, 8, 8, 218, 1.00, 0.00, 1, '', '2013-10-01', 0.00, '0000-00-00', '0000-00-00'),
(1010, 1, 3, 13, 'AK207213001010', 'TV Remote 40\'', 159, 8, 8, 218, 1.00, 0.00, 1, '', '2013-10-01', 0.00, '0000-00-00', '0000-00-00'),
(1011, 1, 3, 13, 'AK207213001011', 'TV 50\' ', 185, 8, 8, 218, 1.00, 0.00, 1, '', '2013-10-01', 0.00, '0000-00-00', '0000-00-00'),
(1012, 1, 3, 13, 'AK207213001012', 'TV Remote 50\'', 185, 8, 8, 218, 1.00, 0.00, 1, '', '2013-10-01', 0.00, '0000-00-00', '0000-00-00'),
(1013, 1, 3, 13, 'AK207213001013', 'Home Theatre', 103, 8, 8, 218, 1.00, 0.00, 1, '', '2013-10-01', 0.00, '0000-00-00', '0000-00-00'),
(1014, 1, 3, 13, 'AK207213001014', 'Waste Bin - Small', 133, 8, 8, 218, 3.00, 0.00, 1, '', '2013-10-01', 0.00, '0000-00-00', '0000-00-00'),
(1015, 1, 3, 13, 'AK207213001015', 'Sofa One seater', 133, 8, 8, 218, 2.00, 0.00, 1, '', '2013-10-01', 0.00, '0000-00-00', '0000-00-00'),
(1016, 1, 3, 13, 'AK207213001016', 'Sofa Three seater', 133, 8, 8, 218, 1.00, 0.00, 1, '', '2013-10-01', 0.00, '0000-00-00', '0000-00-00'),
(1017, 1, 3, 13, 'AK207213001017', 'Dining Table', 133, 8, 8, 218, 1.00, 0.00, 1, '', '2013-10-01', 0.00, '0000-00-00', '0000-00-00'),
(1018, 1, 3, 13, 'AK207213001018', 'Dining Chair', 133, 8, 8, 218, 6.00, 0.00, 1, '', '2013-10-01', 0.00, '0000-00-00', '0000-00-00'),
(1019, 1, 3, 13, 'AK207213001019', 'Refridgerator', 200, 8, 8, 218, 1.00, 0.00, 1, '', '2013-10-01', 0.00, '0000-00-00', '0000-00-00'),
(1020, 1, 3, 13, 'AK207213001020', 'Bathtub', 133, 8, 8, 218, 1.00, 0.00, 1, '', '2013-10-01', 0.00, '0000-00-00', '0000-00-00'),
(1021, 1, 3, 13, 'AK207213001021', 'Lukisan di Presiden Suite', 133, 8, 8, 218, 1.00, 0.00, 1, '', '2013-10-01', 0.00, '0000-00-00', '0000-00-00'),
(1022, 1, 3, 13, 'AK207213001022', 'Granit Table With 2 Drawer', 133, 8, 8, 218, 2.00, 0.00, 1, '', '2013-10-01', 0.00, '0000-00-00', '0000-00-00'),
(1023, 1, 3, 13, 'AK207213001023', 'Granit Table With 6 Drawer', 133, 8, 8, 218, 1.00, 0.00, 1, '', '2013-10-01', 0.00, '0000-00-00', '0000-00-00'),
(1024, 1, 3, 13, 'AK207213001024', 'Square table ', 133, 8, 8, 218, 1.00, 0.00, 1, '', '2013-10-01', 0.00, '0000-00-00', '0000-00-00'),
(1025, 1, 3, 13, 'AK207213001025', 'Lemari di President Suite', 133, 8, 8, 218, 1.00, 0.00, 1, 'Include Mirror', '2013-10-01', 0.00, '0000-00-00', '0000-00-00'),
(1026, 1, 3, 13, 'AK207213001026', 'Wireless Speaker', 103, 8, 8, 218, 1.00, 0.00, 1, '', '2013-10-01', 0.00, '0000-00-00', '0000-00-00'),
(1027, 1, 3, 13, 'AK207213001027', 'Wood Ornament (Hiasa)', 133, 8, 8, 218, 1.00, 0.00, 1, '', '2013-10-01', 0.00, '0000-00-00', '0000-00-00'),
(1028, 1, 3, 13, 'AK207213001028', 'Lampu diatas Dining Table', 133, 8, 8, 218, 1.00, 0.00, 1, '', '2013-10-01', 0.00, '0000-00-00', '0000-00-00'),
(1029, 1, 3, 13, 'AK207213001029', 'Granite Based Table 3 Doors', 133, 8, 8, 218, 1.00, 0.00, 1, '', '2013-10-01', 0.00, '0000-00-00', '0000-00-00'),
(1030, 1, 3, 13, 'AK207213001030', 'Square Table for Table Lamp', 133, 8, 8, 218, 2.00, 0.00, 1, '', '2013-10-01', 0.00, '0000-00-00', '0000-00-00'),
(1031, 1, 3, 13, 'AK207213001031', 'Granite Table With 1 Drawer', 133, 8, 8, 218, 2.00, 0.00, 1, '', '2013-10-01', 0.00, '0000-00-00', '0000-00-00'),
(1032, 1, 3, 13, 'AK207213001032', 'Telephone', 205, 8, 8, 218, 2.00, 0.00, 1, '', '2013-10-01', 0.00, '0000-00-00', '0000-00-00'),
(1033, 1, 3, 13, 'AK207213001033', 'Soap dish', 133, 8, 8, 218, 2.00, 0.00, 1, '', '2013-10-01', 0.00, '0000-00-00', '0000-00-00'),
(1034, 1, 3, 13, 'AK207213001034', 'Kettle jug', 93, 8, 8, 219, 139.00, 0.00, 1, 'Room - 120, Store - 3, FSB - 16', '2013-10-01', 0.00, '0000-00-00', '0000-00-00'),
(1035, 1, 3, 13, 'AK207213001035', 'Complimentary tray', 133, 8, 8, 219, 134.00, 0.00, 1, 'Room - 120, FSB - 14', '2013-10-01', 0.00, '0000-00-00', '0000-00-00'),
(1036, 1, 3, 13, 'AK207213001036', 'Mug', 221, 8, 8, 219, 248.00, 0.00, 1, 'Room - 240, FSB - 28', '2013-10-01', 0.00, '0000-00-00', '0000-00-00'),
(1037, 1, 3, 13, 'AK207213001037', 'TV 32\' ', 174, 8, 8, 219, 132.00, 0.00, 1, '', '2013-10-01', 0.00, '0000-00-00', '0000-00-00'),
(1038, 1, 3, 13, 'AK207213001038', 'TV Remote 32\' Sharp', 174, 8, 8, 219, 132.00, 0.00, 1, '', '2013-10-01', 0.00, '0000-00-00', '0000-00-00'),
(1039, 1, 3, 13, 'AK207213001039', 'TV 32\' ', 185, 8, 8, 219, 1.00, 0.00, 1, 'Room 610', '2013-10-01', 0.00, '0000-00-00', '0000-00-00'),
(1040, 1, 3, 13, 'AK207213001040', 'TV Remote 32\' Sony', 185, 8, 8, 219, 1.00, 0.00, 1, '', '2013-10-01', 0.00, '0000-00-00', '0000-00-00'),
(1041, 1, 3, 13, 'AK207213001041', 'Luggage Rack', 133, 8, 8, 219, 133.00, 0.00, 1, '', '2013-10-01', 0.00, '0000-00-00', '0000-00-00'),
(1042, 1, 3, 13, 'AK207213001042', 'Long Mirror', 133, 8, 8, 219, 133.00, 0.00, 1, '', '2013-10-01', 0.00, '0000-00-00', '0000-00-00'),
(1043, 1, 3, 13, 'AK207213001043', 'Working Table', 133, 8, 8, 219, 133.00, 0.00, 1, '', '2013-10-01', 0.00, '0000-00-00', '0000-00-00'),
(1044, 1, 3, 13, 'AK207213001044', 'Dressing mirror', 133, 8, 8, 219, 133.00, 0.00, 1, '', '2013-10-01', 0.00, '0000-00-00', '0000-00-00'),
(1045, 1, 3, 13, 'AK207213001045', 'Waste Bin - Big', 133, 8, 8, 219, 133.00, 0.00, 1, '', '2013-10-01', 0.00, '0000-00-00', '0000-00-00'),
(1046, 1, 3, 13, 'AK207213001046', 'Waste Bin - Small', 133, 8, 8, 219, 133.00, 0.00, 1, '', '2013-10-01', 0.00, '0000-00-00', '0000-00-00'),
(1047, 1, 3, 13, 'AK207213001047', 'Picture', 133, 8, 8, 219, 256.00, 0.00, 1, '', '2013-10-01', 0.00, '0000-00-00', '0000-00-00'),
(1048, 1, 3, 13, 'AK207213001048', 'Working Chair', 133, 8, 8, 219, 133.00, 0.00, 1, '', '2013-10-01', 0.00, '0000-00-00', '0000-00-00'),
(1049, 1, 3, 13, 'AK207213001049', 'Night curtain (pair)', 133, 8, 8, 219, 290.00, 0.00, 1, 'S&D - 222, JS - 36, S - 18, Room 500 - 4, PS - 10', '2013-10-01', 0.00, '0000-00-00', '0000-00-00'),
(1050, 1, 3, 13, 'AK207213001050', 'Day curtain (pair)', 133, 8, 8, 219, 151.00, 0.00, 1, 'S&D - 111, JS - 24, S - 9, Room 500 - 2, PS - 5', '2013-10-01', 0.00, '0000-00-00', '0000-00-00'),
(1051, 1, 3, 13, 'AK207213001051', 'Coffee Table (JNS & Suites )', 133, 8, 8, 219, 22.00, 0.00, 1, '', '2013-10-01', 0.00, '0000-00-00', '0000-00-00'),
(1052, 1, 3, 13, 'AK207213001052', 'Coffee Chair (JNS & Suites)', 133, 8, 8, 219, 44.00, 0.00, 1, '', '2013-10-01', 0.00, '0000-00-00', '0000-00-00'),
(1053, 1, 3, 13, 'AK207213001053', 'Mattrass Spring Bed KING 200x200', 172, 8, 8, 219, 11.00, 0.00, 1, '', '2013-10-01', 0.00, '0000-00-00', '0000-00-00'),
(1054, 1, 3, 13, 'AK207213001054', 'Mattrass Spring Bed TWIN 100x200', 172, 8, 8, 219, 100.00, 0.00, 1, '', '2013-10-01', 0.00, '0000-00-00', '0000-00-00'),
(1055, 1, 3, 13, 'AK207213001055', 'Mattrass Spring Bed QUEEN', 172, 8, 8, 219, 73.00, 0.00, 1, '', '2013-10-01', 0.00, '0000-00-00', '0000-00-00'),
(1056, 1, 3, 13, 'AK207213001056', 'Spring Box KING 200x200', 172, 8, 8, 219, 11.00, 0.00, 1, '', '2013-10-01', 0.00, '0000-00-00', '0000-00-00'),
(1057, 1, 3, 13, 'AK207213001057', 'Spring Box TWIN 100', 172, 8, 8, 219, 100.00, 0.00, 1, '', '2013-10-01', 0.00, '0000-00-00', '0000-00-00'),
(1058, 1, 3, 13, 'AK207213001058', 'Spring Box QUEEN', 172, 8, 8, 219, 73.00, 0.00, 1, '', '2013-10-01', 0.00, '0000-00-00', '0000-00-00'),
(1059, 1, 3, 13, 'AK207213001059', 'Mounted Bed Side Table SINGLE Bed', 133, 8, 8, 219, 166.00, 0.00, 1, '', '2013-10-01', 0.00, '0000-00-00', '0000-00-00'),
(1060, 1, 3, 13, 'AK207213001060', 'Mounted Bed Side Table TWIN Bed', 133, 8, 8, 219, 50.00, 0.00, 1, '', '2013-10-01', 0.00, '0000-00-00', '0000-00-00'),
(1061, 1, 3, 13, 'AK207213001061', 'Bed Side Lamp QUEEN bed', 133, 8, 8, 219, 166.00, 0.00, 1, '', '2013-10-01', 0.00, '0000-00-00', '0000-00-00'),
(1062, 1, 3, 13, 'AK207213001062', 'Bed Side Lamp TWIN bed', 133, 8, 8, 219, 50.00, 0.00, 1, '', '2013-10-01', 0.00, '0000-00-00', '0000-00-00'),
(1063, 1, 3, 13, 'AK207213001063', 'Standing lamp', 133, 8, 8, 219, 22.00, 0.00, 1, '', '2013-10-01', 0.00, '0000-00-00', '0000-00-00'),
(1064, 1, 3, 13, 'AK207213001064', 'Telephone', 205, 8, 8, 219, 133.00, 0.00, 1, '', '2013-10-01', 0.00, '0000-00-00', '0000-00-00'),
(1065, 1, 3, 13, 'AK207213001065', 'SDB', 136, 8, 8, 219, 134.00, 0.00, 1, '', '2013-10-01', 0.00, '0000-00-00', '0000-00-00'),
(1066, 1, 3, 13, 'AK207213001066', 'Flash light', 133, 8, 8, 219, 134.00, 0.00, 1, '', '2013-10-01', 0.00, '0000-00-00', '0000-00-00'),
(1067, 1, 3, 13, 'AK207213001067', 'Laundry box', 133, 8, 8, 219, 134.00, 0.00, 1, '', '2013-10-01', 0.00, '0000-00-00', '0000-00-00'),
(1068, 1, 3, 13, 'AK207213001068', 'Hanger for female', 133, 8, 8, 219, 482.00, 0.00, 1, '', '2013-10-01', 0.00, '0000-00-00', '0000-00-00'),
(1069, 1, 3, 13, 'AK207213001069', 'Soap dish', 133, 8, 8, 219, 133.00, 0.00, 1, '', '2013-10-01', 0.00, '0000-00-00', '0000-00-00'),
(1070, 1, 3, 13, 'AK207213001070', 'Amenities box white', 133, 8, 8, 219, 134.00, 0.00, 1, '', '2013-10-01', 0.00, '0000-00-00', '0000-00-00'),
(1071, 1, 3, 13, 'AK207213001071', 'Wash basin', 201, 8, 8, 219, 136.00, 0.00, 1, 'Room - 133, PS - 3', '2013-10-01', 0.00, '0000-00-00', '0000-00-00'),
(1072, 1, 3, 13, 'AK207213001072', 'Toilet bowl', 201, 8, 8, 219, 135.00, 0.00, 1, 'Room - 133, PS - 2', '2013-10-01', 0.00, '0000-00-00', '0000-00-00'),
(1073, 1, 3, 13, 'AK207213001073', 'Bathroom mirror', 133, 8, 8, 219, 135.00, 0.00, 1, 'Room - 133, PS - 2', '2013-10-01', 0.00, '0000-00-00', '0000-00-00'),
(1074, 1, 3, 13, 'AK207213001074', 'Exhaust Fan', 133, 8, 8, 219, 135.00, 0.00, 1, 'Room - 133, PS - 2', '2013-10-01', 0.00, '0000-00-00', '0000-00-00'),
(1075, 1, 3, 13, 'AK207213001075', 'Refrigderator mini', 133, 8, 8, 219, 10.00, 0.00, 1, 'New - 6, Lama - 4', '2013-10-01', 0.00, '0000-00-00', '0000-00-00'),
(1076, 1, 3, 13, 'AK207213001076', 'Table Lamp', 133, 8, 8, 219, 138.00, 0.00, 1, 'Room - 133, PS - 5', '2013-10-01', 0.00, '0000-00-00', '0000-00-00'),
(1077, 1, 3, 13, 'AK207213001077', 'Room Karpet', 133, 8, 8, 219, 13.00, 0.00, 1, 'S - 10, PS - 3', '2013-10-01', 0.00, '0000-00-00', '0000-00-00'),
(1078, 1, 3, 13, 'AK207213001078', 'Long Banc', 133, 8, 8, 220, 10.00, 0.00, 1, '', '2013-10-01', 0.00, '0000-00-00', '0000-00-00');
INSERT INTO `t004_asset` (`id`, `property_id`, `group_id`, `type_id`, `Code`, `Description`, `brand_id`, `signature_id`, `department_id`, `location_id`, `Qty`, `Variance`, `cond_id`, `Remarks`, `ProcurementDate`, `ProcurementCurrentCost`, `PeriodBegin`, `PeriodEnd`) VALUES
(1079, 1, 3, 13, 'AK207213001079', 'Washer IMAGE 47 kg', 82, 8, 8, 221, 2.00, 0.00, 1, '', '2013-10-01', 0.00, '0000-00-00', '0000-00-00'),
(1080, 1, 3, 13, 'AK207213001080', 'Washer IMAGE 18 kg', 82, 8, 8, 221, 1.00, 0.00, 1, '', '2013-10-01', 0.00, '0000-00-00', '0000-00-00'),
(1081, 1, 3, 13, 'AK207213001081', 'Dryer IMAGE 54 kg', 82, 8, 8, 221, 1.00, 0.00, 1, '', '2013-10-01', 0.00, '0000-00-00', '0000-00-00'),
(1082, 1, 3, 13, 'AK207213001082', 'Dryer IMAGE 34 kg', 82, 8, 8, 221, 2.00, 0.00, 1, '', '2013-10-01', 0.00, '0000-00-00', '0000-00-00'),
(1083, 1, 3, 13, 'AK207213001083', 'Flat work ironer ', 82, 8, 8, 221, 1.00, 0.00, 1, '', '2013-10-01', 0.00, '0000-00-00', '0000-00-00'),
(1084, 1, 3, 13, 'AK207213001084', 'Steam press', 82, 8, 8, 221, 1.00, 0.00, 1, '', '2013-10-01', 0.00, '0000-00-00', '0000-00-00'),
(1085, 1, 3, 13, 'AK207213001085', 'Portable Steamer', 90, 8, 8, 221, 1.00, 0.00, 1, '', '2013-10-01', 0.00, '0000-00-00', '0000-00-00'),
(1086, 1, 3, 13, 'AK207213001086', 'Washer SAMSUNG 12 kg', 159, 8, 8, 221, 1.00, 0.00, 1, '', '2013-10-01', 0.00, '0000-00-00', '0000-00-00'),
(1087, 1, 3, 13, 'AK207213001087', 'Dryer ELECTROLUX 8 kg', 40, 8, 8, 221, 1.00, 0.00, 1, '', '2013-10-01', 0.00, '0000-00-00', '0000-00-00'),
(1088, 1, 3, 13, 'AK207213001088', 'Dryer ELECTROLUX 7 kg', 40, 8, 8, 221, 1.00, 0.00, 1, '', '2013-10-01', 0.00, '0000-00-00', '0000-00-00'),
(1089, 1, 3, 13, 'AK207213001089', 'Portable hand ironer', 146, 8, 8, 221, 2.00, 0.00, 1, '', '2013-10-01', 0.00, '0000-00-00', '0000-00-00'),
(1090, 1, 3, 13, 'AK207213001090', 'Sewing machine ', 178, 8, 8, 221, 1.00, 0.00, 1, '', '2013-10-01', 0.00, '0000-00-00', '0000-00-00'),
(1091, 1, 3, 13, 'AK207213001091', 'Iron board', 133, 8, 8, 221, 2.00, 0.00, 1, '', '2013-10-01', 0.00, '0000-00-00', '0000-00-00'),
(1092, 1, 3, 13, 'AK207213001092', 'Soil Linen trolley Big', 97, 8, 8, 221, 2.00, 0.00, 1, '', '2013-10-01', 0.00, '0000-00-00', '0000-00-00'),
(1093, 1, 3, 13, 'AK207213001093', 'Soil linen trolley medium', 133, 8, 8, 221, 8.00, 0.00, 1, '', '2013-10-01', 0.00, '0000-00-00', '0000-00-00'),
(1094, 1, 3, 13, 'AK207213001094', 'Soil linen trolley small ', 133, 8, 8, 221, 4.00, 0.00, 1, '', '2013-10-01', 0.00, '0000-00-00', '0000-00-00'),
(1095, 1, 3, 13, 'AK207213001095', 'Trolley delivery', 133, 8, 8, 221, 1.00, 0.00, 1, '', '2013-10-01', 0.00, '0000-00-00', '0000-00-00'),
(1096, 1, 3, 13, 'AK207213001096', 'Hanger trolley wheel', 133, 8, 8, 221, 2.00, 0.00, 1, '', '2013-10-01', 0.00, '0000-00-00', '0000-00-00'),
(1097, 1, 3, 13, 'AK207213001097', 'Hanger trolley no wheel', 133, 8, 8, 221, 3.00, 0.00, 1, '', '2013-10-01', 0.00, '0000-00-00', '0000-00-00'),
(1098, 1, 3, 13, 'AK207213001098', 'Stainlees table', 133, 8, 8, 221, 2.00, 0.00, 1, '', '2013-10-01', 0.00, '0000-00-00', '0000-00-00'),
(1099, 1, 3, 13, 'AK207213001099', 'Wasbasin for spotting', 133, 8, 8, 221, 1.00, 0.00, 1, '', '2013-10-01', 0.00, '0000-00-00', '0000-00-00'),
(1100, 1, 3, 13, 'AK207213001100', 'Table for folding', 133, 8, 8, 221, 2.00, 0.00, 1, '', '2013-10-01', 0.00, '0000-00-00', '0000-00-00'),
(1101, 1, 3, 13, 'AK207213001101', 'Shelving rack stainless steel', 133, 8, 8, 221, 3.00, 0.00, 1, '', '2013-10-01', 0.00, '0000-00-00', '0000-00-00'),
(1102, 1, 3, 13, 'AK207213001102', 'Shelving rack iron', 133, 8, 8, 221, 9.00, 0.00, 1, '', '2013-10-01', 0.00, '0000-00-00', '0000-00-00'),
(1103, 1, 3, 13, 'AK207213001103', 'Rack for guest laundry', 133, 8, 8, 221, 1.00, 0.00, 1, '', '2013-10-01', 0.00, '0000-00-00', '0000-00-00'),
(1104, 1, 3, 13, 'AK207213001104', 'Walf Desk Mountaind Shelfing Rak', 133, 8, 8, 221, 2.00, 0.00, 1, '', '2013-10-01', 0.00, '0000-00-00', '0000-00-00'),
(1105, 1, 2, 9, 'AK107113001105', 'White Board', 133, 8, 8, 221, 1.00, 0.00, 1, '', '2013-10-01', 0.00, '0000-00-00', '0000-00-00'),
(1106, 1, 2, 9, 'AK107113001106', 'Baby Grade', 133, 8, 8, 221, 2.00, 0.00, 1, 'Pemb FFNE2019', '2013-10-01', 0.00, '0000-00-00', '0000-00-00'),
(1107, 1, 2, 9, 'AK107113001107', 'Bed Sheet King 300 x 300', 155, 8, 8, 222, 26.00, 0.00, 1, '', '2013-10-01', 0.00, '0000-00-00', '0000-00-00'),
(1108, 1, 2, 9, 'AK107113001108', 'Bed Sheet Double 280 x 300', 155, 8, 8, 222, 93.00, 0.00, 1, '', '2013-10-01', 0.00, '0000-00-00', '0000-00-00'),
(1109, 1, 2, 9, 'AK107113001109', 'Bed Sheet Twin 200 x 300', 155, 8, 8, 222, 230.00, 0.00, 1, '', '2013-10-01', 0.00, '0000-00-00', '0000-00-00'),
(1110, 1, 2, 9, 'AK107113001110', 'Duvet Cover King 280 x 240', 155, 8, 8, 222, 26.00, 0.00, 1, '', '2013-10-01', 0.00, '0000-00-00', '0000-00-00'),
(1111, 1, 2, 9, 'AK107113001111', 'Duvet Cover Double 260 x 240', 155, 8, 8, 222, 187.00, 0.00, 1, '', '2013-10-01', 0.00, '0000-00-00', '0000-00-00'),
(1112, 1, 2, 9, 'AK107113001112', 'Duvet Cover Twin 180 x 240', 155, 8, 8, 222, 346.00, 0.00, 1, '', '2013-10-01', 0.00, '0000-00-00', '0000-00-00'),
(1113, 1, 2, 9, 'AK107113001113', 'Pillow Case Big 50 x 90', 155, 8, 8, 222, 598.00, 0.00, 1, '', '2013-10-01', 0.00, '0000-00-00', '0000-00-00'),
(1114, 1, 2, 9, 'AK107113001114', 'Pillow Case Small 50 x 70', 172, 8, 8, 222, 98.00, 0.00, 1, '', '2013-10-01', 0.00, '0000-00-00', '0000-00-00'),
(1115, 1, 2, 9, 'AK107113001115', 'Bath Towel 68 x 135', 119, 8, 8, 222, 1030.00, 0.00, 1, '', '2013-10-01', 0.00, '0000-00-00', '0000-00-00'),
(1116, 1, 2, 9, 'AK107113001116', 'Face Towel 29 x 30', 167, 8, 8, 222, 759.00, 0.00, 1, '', '2013-10-01', 0.00, '0000-00-00', '0000-00-00'),
(1117, 1, 2, 9, 'AK107113001117', 'Bath Mat 50 x 75', 155, 8, 8, 222, 350.00, 0.00, 1, '', '2013-10-01', 0.00, '0000-00-00', '0000-00-00'),
(1118, 1, 2, 9, 'AK107113001118', 'Kimono / Bathrobe', 133, 8, 8, 222, 81.00, 0.00, 1, '', '2013-10-01', 0.00, '0000-00-00', '0000-00-00'),
(1119, 1, 2, 9, 'AK107113001119', 'Pool Towel 165 x 87', 133, 8, 8, 222, 36.00, 0.00, 1, '', '2013-10-01', 0.00, '0000-00-00', '0000-00-00'),
(1120, 1, 2, 9, 'AK107113001120', 'Oshibory 24 x 25', 133, 8, 8, 222, 101.00, 0.00, 1, '', '2013-10-01', 0.00, '0000-00-00', '0000-00-00'),
(1121, 1, 2, 9, 'AK107113001121', 'Gym Towel 67 x 40', 133, 8, 8, 222, 48.00, 0.00, 1, 'Pemb. Juli 2019 B. Opr', '2013-10-01', 0.00, '0000-00-00', '0000-00-00'),
(1122, 1, 2, 9, 'AK107113001122', 'Duvet Insert King 280 x 230', 172, 8, 8, 222, 11.00, 0.00, 1, '', '2013-10-01', 0.00, '0000-00-00', '0000-00-00'),
(1123, 1, 2, 9, 'AK107113001123', 'Duvet Insert Double 260 x 230', 172, 8, 8, 222, 80.00, 0.00, 1, '', '2013-10-01', 0.00, '0000-00-00', '0000-00-00'),
(1124, 1, 2, 9, 'AK107113001124', 'Duvet Insert Twin180 x 230', 172, 8, 8, 222, 110.00, 0.00, 1, '', '2013-10-01', 0.00, '0000-00-00', '0000-00-00'),
(1125, 1, 2, 9, 'AK107113001125', 'Pillow Big 50 x 90', 172, 8, 8, 222, 315.00, 0.00, 1, '', '2013-10-01', 0.00, '0000-00-00', '0000-00-00'),
(1126, 1, 2, 9, 'AK107113001126', 'Pillow Small', 172, 8, 8, 222, 25.00, 0.00, 1, '', '2013-10-01', 0.00, '0000-00-00', '0000-00-00'),
(1127, 1, 2, 9, 'AK107113001127', 'Bed Runner King', 133, 8, 8, 222, 11.00, 0.00, 1, '', '2013-10-01', 0.00, '0000-00-00', '0000-00-00'),
(1128, 1, 2, 9, 'AK107113001128', 'Bed Runner Double', 133, 8, 8, 222, 72.00, 0.00, 1, '', '2013-10-01', 0.00, '0000-00-00', '0000-00-00'),
(1129, 1, 2, 9, 'AK107113001129', 'Bed Runner Twin', 133, 8, 8, 222, 96.00, 0.00, 1, '', '2013-10-01', 0.00, '0000-00-00', '0000-00-00'),
(1130, 1, 2, 9, 'AK107113001130', 'Bed Skirting King', 133, 8, 8, 222, 12.00, 0.00, 1, '', '2013-10-01', 0.00, '0000-00-00', '0000-00-00'),
(1131, 1, 2, 9, 'AK107113001131', 'Bed Skirting Double', 133, 8, 8, 222, 80.00, 0.00, 1, '', '2013-10-01', 0.00, '0000-00-00', '0000-00-00'),
(1132, 1, 2, 9, 'AK107113001132', 'Bed Skirting Twin', 133, 8, 8, 222, 110.00, 0.00, 1, '', '2013-10-01', 0.00, '0000-00-00', '0000-00-00'),
(1133, 1, 2, 9, 'AK107113001133', 'Bed Protector King', 172, 8, 8, 222, 12.00, 0.00, 1, '', '2013-10-01', 0.00, '0000-00-00', '0000-00-00'),
(1134, 1, 2, 9, 'AK107113001134', 'Bed Protector Double', 172, 8, 8, 222, 102.00, 0.00, 1, 'Pemb FFNE2019', '2013-10-01', 0.00, '0000-00-00', '0000-00-00'),
(1135, 1, 2, 9, 'AK107113001135', 'Bed Protector Twin', 172, 8, 8, 222, 125.00, 0.00, 1, 'Pemb FFNE2019', '2013-10-01', 0.00, '0000-00-00', '0000-00-00'),
(1136, 1, 2, 9, 'AK107113001136', 'Bed Toper', 172, 8, 8, 222, 15.00, 0.00, 1, 'Pemb FFNE2019', '2013-10-01', 0.00, '0000-00-00', '0000-00-00'),
(1137, 1, 3, 13, 'AK207213001137', 'Chest Press Machine/ Butterfly', 94, 8, 8, 223, 1.00, 0.00, 1, 'Pemb FFNE2019', '2013-10-01', 0.00, '0000-00-00', '0000-00-00'),
(1138, 1, 3, 13, 'AK207213001138', 'Treadmill', 151, 8, 8, 223, 2.00, 0.00, 1, 'Pemb FFNE2019 - 1 GYM ( ASTON ) , 1 FSB', '2013-10-01', 0.00, '0000-00-00', '0000-00-00'),
(1139, 1, 3, 13, 'AK207213001139', 'Cross Trainer/orbitrack', 94, 8, 8, 223, 1.00, 0.00, 1, 'Pemb FFNE2019', '2013-10-01', 0.00, '0000-00-00', '0000-00-00'),
(1140, 1, 3, 13, 'AK207213001140', 'Spinning Bike/Sepeda Statis', 94, 8, 8, 223, 1.00, 0.00, 1, 'Pemb FFNE2019', '2013-10-01', 0.00, '0000-00-00', '0000-00-00'),
(1141, 1, 3, 13, 'AK207213001141', 'Sit Up Bench', 94, 8, 8, 223, 1.00, 0.00, 1, 'Pemb FFNE2019 - di pinjam FSB', '2013-10-01', 0.00, '0000-00-00', '0000-00-00'),
(1142, 1, 3, 13, 'AK207213001142', 'Pull Up Bench', 94, 8, 8, 223, 1.00, 0.00, 1, '', '2013-10-01', 0.00, '0000-00-00', '0000-00-00'),
(1143, 1, 3, 13, 'AK207213001143', 'Barbell 2,5 kg', 94, 8, 8, 223, 2.00, 0.00, 1, 'Pemb. Juni 2019 B. Opr - di pinjam FSB', '2013-10-01', 0.00, '0000-00-00', '0000-00-00'),
(1144, 1, 3, 13, 'AK207213001144', 'Barbell 5 kg', 94, 8, 8, 223, 2.00, 0.00, 1, 'di pinjam FSB', '2013-10-01', 0.00, '0000-00-00', '0000-00-00'),
(1145, 1, 3, 13, 'AK207213001145', 'Barbell 7,5 kg', 94, 8, 8, 223, 2.00, 0.00, 1, 'di pinjam FSB', '2013-10-01', 0.00, '0000-00-00', '0000-00-00'),
(1146, 1, 3, 13, 'AK207213001146', 'Barbell 10 kg', 94, 8, 8, 223, 2.00, 0.00, 1, 'di pinjam FSB', '2013-10-01', 0.00, '0000-00-00', '0000-00-00'),
(1147, 1, 3, 13, 'AK207213001147', 'Dumbell 2,5 kg', 94, 8, 8, 223, 3.00, 0.00, 1, '', '2013-10-01', 0.00, '0000-00-00', '0000-00-00'),
(1148, 1, 3, 13, 'AK207213001148', 'Dumbell 5 kg', 94, 8, 8, 223, 8.00, 0.00, 1, '', '2013-10-01', 0.00, '0000-00-00', '0000-00-00'),
(1149, 1, 3, 13, 'AK207213001149', 'Dumbell 10 kg', 94, 8, 8, 223, 8.00, 0.00, 1, '', '2013-10-01', 0.00, '0000-00-00', '0000-00-00'),
(1150, 1, 3, 13, 'AK207213001150', 'Lompat Tali', 133, 8, 8, 223, 1.00, 0.00, 1, '', '2013-10-01', 0.00, '0000-00-00', '0000-00-00'),
(1151, 1, 3, 13, 'AK207213001151', 'Mattrass', 2, 8, 8, 223, 1.00, 0.00, 1, 'di pinjam FSB', '2013-10-01', 0.00, '0000-00-00', '0000-00-00'),
(1152, 1, 3, 13, 'AK207213001152', 'AC', 114, 8, 8, 223, 0.00, 0.00, 1, '', '2013-10-01', 0.00, '0000-00-00', '0000-00-00'),
(1153, 1, 3, 13, 'AK207213001153', 'Sony (SPEAKER)', 185, 8, 8, 223, 1.00, 0.00, 1, '', '2013-10-01', 0.00, '0000-00-00', '0000-00-00'),
(1154, 1, 3, 13, 'AK207213001154', 'TV', 103, 8, 8, 223, 1.00, 0.00, 1, 'Pemb Agust 2019 B. Opr', '2013-10-01', 0.00, '0000-00-00', '0000-00-00'),
(1155, 1, 3, 13, 'AK207213001155', 'Bola', 133, 8, 8, 223, 1.00, 0.00, 1, '', '2013-10-01', 0.00, '0000-00-00', '0000-00-00'),
(1156, 1, 3, 13, 'AK207213001156', 'Timbangan', 97, 8, 8, 223, 1.00, 0.00, 1, '', '2013-10-01', 0.00, '0000-00-00', '0000-00-00'),
(1157, 1, 3, 13, 'AK207213001157', 'Adaptor', 97, 8, 8, 223, 2.00, 0.00, 1, '1 GYM ( ASTON ) , 1 FSB', '2013-10-01', 0.00, '0000-00-00', '0000-00-00'),
(1158, 1, 3, 13, 'AK207213001158', 'Meja di tempat Fitnes', 133, 8, 8, 223, 1.00, 0.00, 1, '', '2013-10-01', 0.00, '0000-00-00', '0000-00-00'),
(1159, 1, 3, 13, 'AK207213001159', 'Telephone', 205, 8, 8, 223, 1.00, 0.00, 1, '', '2013-10-01', 0.00, '0000-00-00', '0000-00-00'),
(1160, 1, 3, 13, 'AK207213001160', 'Watch', 170, 8, 8, 223, 1.00, 0.00, 1, '', '2013-10-01', 0.00, '0000-00-00', '0000-00-00'),
(1161, 1, 3, 13, 'AK207213001161', 'Keranjang tempat baju kotor', 133, 8, 8, 223, 1.00, 0.00, 1, '', '2013-10-01', 0.00, '0000-00-00', '0000-00-00'),
(1162, 1, 3, 13, 'AK207213001162', 'Tempat sampah', 97, 8, 8, 223, 1.00, 0.00, 1, '', '2013-10-01', 0.00, '0000-00-00', '0000-00-00'),
(1163, 1, 3, 13, 'AK207213001163', 'Sofa', 133, 8, 8, 223, 1.00, 0.00, 1, '', '2013-10-01', 0.00, '0000-00-00', '0000-00-00'),
(1164, 1, 3, 13, 'AK207213001164', 'Kaca di tempat Fitness', 133, 8, 8, 223, 13.00, 0.00, 1, 'HITUNGAN PER POTONG', '2013-10-01', 0.00, '0000-00-00', '0000-00-00'),
(1165, 1, 3, 10, 'AK202213001165', 'Table Pool Rotan Sintetis', 133, 8, 8, 224, 2.00, 0.00, 1, '1 POOL , 1 SKY LONG', '2013-10-01', 0.00, '0000-00-00', '0000-00-00'),
(1166, 1, 3, 10, 'AK202213001166', 'Chair Pool Rotan Sintetis', 133, 8, 8, 224, 8.00, 0.00, 1, '4 POOL , 4 SKY LONG', '2013-10-01', 0.00, '0000-00-00', '0000-00-00'),
(1167, 1, 3, 10, 'AK202213001167', 'Payung Pool', 133, 8, 8, 224, 3.00, 0.00, 1, '', '2013-10-01', 0.00, '0000-00-00', '0000-00-00'),
(1168, 1, 2, 9, 'AK107113001168', 'Ring Life Boy', 133, 8, 8, 224, 2.00, 0.00, 1, '', '2013-10-01', 0.00, '0000-00-00', '0000-00-00'),
(1169, 1, 3, 13, 'AK207213001169', 'Pool Cabinet Podium', 133, 8, 8, 224, 1.00, 0.00, 1, '', '2013-10-01', 0.00, '0000-00-00', '0000-00-00'),
(1170, 1, 3, 10, 'AK202213001170', 'Lamp and Speaker Outdoor Pool', 36, 8, 8, 224, 4.00, 0.00, 1, '', '2013-10-01', 0.00, '0000-00-00', '0000-00-00'),
(1171, 1, 2, 9, 'AK107113001171', 'Dustbin PA', 133, 8, 8, 225, 3.00, 0.00, 1, '', '2013-10-01', 0.00, '0000-00-00', '0000-00-00'),
(1172, 1, 2, 9, 'AK107113001172', 'Wooden Standing Ashtray', 133, 8, 8, 226, 15.00, 0.00, 1, 'Pemb FFNE2019', '2013-10-01', 0.00, '0000-00-00', '0000-00-00'),
(1173, 1, 2, 5, 'AK103113001173', 'Water Dispenser Hot & Normal', 133, 8, 8, 227, 11.00, 0.00, 1, '', '2013-10-01', 0.00, '0000-00-00', '0000-00-00'),
(1174, 1, 2, 9, 'AK107113001174', 'Garuk Kecil', 133, 8, 8, 217, 3.00, 0.00, 1, 'Handover to HO tgl. 20 Juni 2020', '2013-10-01', 0.00, '0000-00-00', '0000-00-00'),
(1175, 1, 2, 9, 'AK107113001175', 'Sekop Kecil', 133, 8, 8, 217, 1.00, 0.00, 1, 'Handover to HO tgl. 20 Juni 2020', '2013-10-01', 0.00, '0000-00-00', '0000-00-00'),
(1176, 1, 2, 9, 'AK107113001176', 'Gunting Biasa', 133, 8, 8, 217, 1.00, 0.00, 1, 'Handover to HO tgl. 20 Juni 2020', '2013-10-01', 0.00, '0000-00-00', '0000-00-00'),
(1177, 1, 2, 9, 'AK107113001177', 'Gunting Ranting Kecil', 133, 8, 8, 217, 1.00, 0.00, 1, 'Handover to HO tgl. 20 Juni 2020', '2013-10-01', 0.00, '0000-00-00', '0000-00-00'),
(1178, 1, 2, 9, 'AK107113001178', 'Gunting Ranting Besar', 133, 8, 8, 217, 1.00, 0.00, 1, 'Handover to HO tgl. 20 Juni 2020', '2013-10-01', 0.00, '0000-00-00', '0000-00-00'),
(1179, 1, 2, 9, 'AK107113001179', 'Arit', 133, 8, 8, 217, 1.00, 0.00, 1, 'Handover to HO tgl. 20 Juni 2020', '2013-10-01', 0.00, '0000-00-00', '0000-00-00'),
(1180, 1, 2, 9, 'AK107113001180', 'Parang', 133, 8, 8, 217, 1.00, 0.00, 1, 'Handover to HO tgl. 20 Juni 2020', '2013-10-01', 0.00, '0000-00-00', '0000-00-00'),
(1181, 1, 2, 9, 'AK107113001181', 'Gergaji', 133, 8, 8, 217, 1.00, 0.00, 1, 'Handover to HO tgl. 20 Juni 2020', '2013-10-01', 0.00, '0000-00-00', '0000-00-00'),
(1182, 1, 2, 9, 'AK107113001182', 'Ungkal', 133, 8, 8, 217, 1.00, 0.00, 1, 'Handover to HO tgl. 20 Juni 2020', '2013-10-01', 0.00, '0000-00-00', '0000-00-00'),
(1183, 1, 2, 9, 'AK107113001183', 'Cangkul', 133, 8, 8, 217, 1.00, 0.00, 1, 'Handover to HO tgl. 20 Juni 2020', '2013-10-01', 0.00, '0000-00-00', '0000-00-00'),
(1184, 1, 2, 9, 'AK107113001184', 'Rel Selang', 133, 8, 8, 217, 1.00, 0.00, 1, 'Handover to HO tgl. 20 Juni 2020', '2013-10-01', 0.00, '0000-00-00', '0000-00-00'),
(1185, 1, 2, 9, 'AK107113001185', 'Bed Runner Twin', 133, 8, 8, 222, 0.00, 0.00, 3, '', '2013-10-01', 0.00, '0000-00-00', '0000-00-00');

-- --------------------------------------------------------

--
-- Table structure for table `t005_assetgroup`
--

CREATE TABLE `t005_assetgroup` (
  `id` int(11) NOT NULL,
  `Code` varchar(5) NOT NULL,
  `Description` varchar(255) NOT NULL,
  `EstimatedLife` tinyint(4) NOT NULL DEFAULT 5,
  `SLN` float(4,2) NOT NULL
) ENGINE=InnoDB DEFAULT CHARSET=utf8mb4;

--
-- Dumping data for table `t005_assetgroup`
--

INSERT INTO `t005_assetgroup` (`id`, `Code`, `Description`, `EstimatedLife`, `SLN`) VALUES
(1, 'B1', 'Bangunan', 20, 5.00),
(2, 'K1', 'Kelompok I', 4, 25.00),
(3, 'K2', 'Kelompok II', 8, 12.50);

-- --------------------------------------------------------

--
-- Table structure for table `t006_assetdepreciation`
--

CREATE TABLE `t006_assetdepreciation` (
  `id` int(11) NOT NULL,
  `asset_id` int(11) NOT NULL,
  `ListOfYears` smallint(6) NOT NULL,
  `NumberOfMonths` tinyint(4) NOT NULL,
  `DepreciationAmount` float(14,2) NOT NULL,
  `DepreciationYtd` float(14,2) NOT NULL,
  `NetBookValue` float(14,2) NOT NULL
) ENGINE=InnoDB DEFAULT CHARSET=utf8mb4;

--
-- Dumping data for table `t006_assetdepreciation`
--

INSERT INTO `t006_assetdepreciation` (`id`, `asset_id`, `ListOfYears`, `NumberOfMonths`, `DepreciationAmount`, `DepreciationYtd`, `NetBookValue`) VALUES
(11, 1, 2018, 3, 93750.00, 93750.00, 1406250.00),
(12, 1, 2019, 12, 375000.00, 468750.00, 1031250.00),
(13, 1, 2020, 12, 375000.00, 843750.00, 656250.00),
(14, 1, 2021, 12, 375000.00, 1218750.00, 281250.00),
(15, 1, 2022, 9, 281250.00, 1500000.00, 0.00);

-- --------------------------------------------------------

--
-- Table structure for table `t007_assettype`
--

CREATE TABLE `t007_assettype` (
  `id` int(11) NOT NULL,
  `assetgroup_id` int(11) NOT NULL,
  `Description` varchar(50) NOT NULL,
  `Code` varchar(3) NOT NULL
) ENGINE=InnoDB DEFAULT CHARSET=utf8mb4;

--
-- Dumping data for table `t007_assettype`
--

INSERT INTO `t007_assettype` (`id`, `assetgroup_id`, `Description`, `Code`) VALUES
(1, 1, 'Tanah', 'TNH'),
(2, 1, 'Bangunan', 'BGN'),
(3, 2, 'IT', '011'),
(4, 2, 'Furniture - 1', '021'),
(5, 2, 'Electronic - 1', '031'),
(6, 2, 'Kitchen Eq - 1', '041'),
(7, 2, 'Tableware', '051'),
(8, 2, 'Banquet', '061'),
(9, 2, 'Other Eq - 1', '071'),
(10, 3, 'Furniture - 2', '022'),
(11, 3, 'Electronic - 2', '032'),
(12, 3, 'Kitchen Eq - 2', '042'),
(13, 3, 'Other Eq - 2', '072'),
(14, 3, 'Vehicle - 1', '0V1'),
(15, 3, 'Vehicle - 2', '0V2'),
(16, 3, 'Kitchen Utensil', '052');

-- --------------------------------------------------------

--
-- Table structure for table `t008_brand`
--

CREATE TABLE `t008_brand` (
  `id` int(11) NOT NULL,
  `Brand` varchar(100) NOT NULL
) ENGINE=InnoDB DEFAULT CHARSET=utf8mb4;

--
-- Dumping data for table `t008_brand`
--

INSERT INTO `t008_brand` (`id`, `Brand`) VALUES
(1, '2Inpro'),
(2, 'Adidas'),
(3, 'Advance'),
(4, 'Allone Heat'),
(5, 'Amano'),
(6, 'APC RS500'),
(7, 'APC Smart UPS SC450'),
(8, 'Aruki'),
(9, 'Axial type'),
(10, 'Bernstein'),
(11, 'Blitz'),
(12, 'Bosch'),
(13, 'Brother'),
(14, 'Canon'),
(15, 'Canon IP2700'),
(16, 'Cap 1050ltr, 125 watt'),
(17, 'Cap 2000 ltr'),
(18, 'Cap 4100ltr'),
(19, 'Cap 520ltr, Dosing Chem Tech'),
(20, 'Cap 700ltr'),
(21, 'Carr'),
(22, 'Casio'),
(23, 'Causta'),
(24, 'Champion'),
(25, 'Chitose'),
(26, 'CKE '),
(27, 'CKE Axial type'),
(28, 'Clarke'),
(29, 'Cobra'),
(30, 'Creusen'),
(31, 'Custom GSP'),
(32, 'D Link'),
(33, 'Daikin'),
(34, 'DELL'),
(35, 'DELL Inspiron 14 3000'),
(36, 'Design'),
(37, 'Draw Buster'),
(38, 'Ebara'),
(39, 'Ecozone'),
(40, 'Electrolux'),
(41, 'EON'),
(42, 'Epson'),
(43, 'Epson L120'),
(44, 'Epson TMU 295'),
(45, 'Expo'),
(46, 'Extech'),
(47, 'Extech '),
(48, 'FLT TA100D Pentair'),
(49, 'Fomac'),
(50, 'Fox'),
(51, 'Garret'),
(52, 'GEA'),
(53, 'Gea Medica'),
(54, 'Getra'),
(55, 'Go Clean'),
(56, 'Gold Photo TR-981N'),
(57, 'Grundfos'),
(58, 'Grundfos 10-03'),
(59, 'Grundfos CR32-4'),
(60, 'Grundfos CR5-6'),
(61, 'Grundfos MG71B'),
(62, 'Grundfos SP8-10'),
(63, 'Handal'),
(64, 'Hatco'),
(65, 'HD'),
(66, 'Hicop AW 37'),
(67, 'High Point'),
(68, 'HP'),
(69, 'HP '),
(70, 'HP 1000'),
(71, 'HP Laserjet P1606dn'),
(72, 'HP LV1911'),
(73, 'HP Pavilion 20'),
(74, 'HP Pl606dn'),
(75, 'HP PRO 400 MFP'),
(76, 'HP PRO 400MFPM 425 DW'),
(77, 'HP Scanjet G4010'),
(78, 'HSM Classic'),
(79, 'Hydro'),
(80, 'Ibiza'),
(81, 'ICA RN 1200'),
(82, 'Image'),
(83, 'Imperial'),
(84, 'Industrial type, MBM'),
(85, 'Informa'),
(86, 'Intelegent'),
(87, 'Inter Active'),
(88, 'IPC'),
(89, 'JBL'),
(90, 'Jiffy'),
(91, 'Jtech'),
(92, 'Jtech,mubea adiler'),
(93, 'JVD'),
(94, 'Kattler'),
(95, 'KING'),
(96, 'Klenco'),
(97, 'Krisbow'),
(98, 'Krone'),
(99, 'Kyawa'),
(100, 'Kyoritsu & Extech'),
(101, 'Lenovo'),
(102, 'Lenovo S6000'),
(103, 'LG'),
(104, 'Linorvo'),
(105, 'Lion Star'),
(106, 'Logan'),
(107, 'Logitec'),
(108, 'Logitech'),
(109, 'Luminarc'),
(110, 'Malvin'),
(111, 'Manitowoc'),
(112, 'Marina cooler'),
(113, 'Matsuyama'),
(114, 'Mc Quay'),
(115, 'Melody'),
(116, 'Meraki Router MX 80'),
(117, 'Meraki Switch MS 220-42'),
(118, 'Metabo'),
(119, 'MHP'),
(120, 'Minutman'),
(121, 'Motorola CP 1300'),
(122, 'Multi Bagasanti Mahdy (MBM)'),
(123, 'Murray'),
(124, 'Nagami'),
(125, 'NAS'),
(126, 'Natural'),
(127, 'Nayati'),
(128, 'NEC MC421x'),
(129, 'NEC NP-VE303XG'),
(130, 'Neo Box'),
(131, 'Nikon 50mmf 1.8 + Tamron 90mmf 2.8'),
(132, 'Nikon D3200'),
(133, 'No Brand'),
(134, 'Nomex'),
(135, 'Onibar'),
(136, 'Onity'),
(137, 'Orbitren'),
(138, 'Orbitrend'),
(139, 'Otis'),
(140, 'Ozhi'),
(141, 'Ozti'),
(142, 'Paderno'),
(143, 'Panasonic'),
(144, 'Pentair'),
(145, 'Perkin PL500P & PL400P'),
(146, 'Philips'),
(147, 'Pinxing Shanghai 5,5kW'),
(148, 'Polytron'),
(149, 'Presenter'),
(150, 'PRO 400MP M 425 DW'),
(151, 'Pro Action'),
(152, 'Prolink'),
(153, 'Rigid'),
(154, 'Rinnai'),
(155, 'Rosedale'),
(156, 'Rowlet'),
(157, 'Ry'),
(158, 'Samfy'),
(159, 'Samsung'),
(160, 'Samsung SCO2080EP'),
(161, 'Samsung SCO2080P'),
(162, 'Samsung SMT 2232'),
(163, 'SAN 21 BA'),
(164, 'Sandenintercool'),
(165, 'Sanken'),
(166, 'Savelo'),
(167, 'SBM'),
(168, 'Schneider'),
(169, 'Schneider Cap 1000'),
(170, 'Seiko'),
(171, 'Serena'),
(172, 'Serta'),
(173, 'Setra'),
(174, 'Sharp'),
(175, 'Sharp&Samsung'),
(176, 'Shukaku'),
(177, 'Shure'),
(178, 'Singer'),
(179, 'Sinmag'),
(180, 'Sitme'),
(181, 'Smartfren'),
(182, 'Smartfren Andromax C3S'),
(183, 'Sola'),
(184, 'Solarhart'),
(185, 'Sony'),
(186, 'Soundcraft'),
(187, 'Sparfood'),
(188, 'Spit Water'),
(189, 'Standing Moon'),
(190, 'Sunwa'),
(191, 'Suzuki'),
(192, 'Suzuki Ertiga'),
(193, 'Tactic'),
(194, 'Tactix'),
(195, 'Tamron 90mmf 2.8'),
(196, 'Targus'),
(197, 'TECO & MBM'),
(198, 'Tissor'),
(199, 'TMS'),
(200, 'Toshiba'),
(201, 'Toto'),
(202, 'Toyota Innova'),
(203, 'TP Link'),
(204, 'Trales'),
(205, 'Transtel'),
(206, 'Transtel TDS320'),
(207, 'Tripod'),
(208, 'Turbofan'),
(209, 'Value '),
(210, 'Visitor'),
(211, 'Vitex'),
(212, 'V-TEC'),
(213, 'WESTPEX'),
(214, 'Wipro'),
(215, 'Yamaha'),
(216, 'Yamato'),
(217, 'Yashika'),
(218, 'Yealink T20'),
(219, 'Yealink VP 530'),
(220, 'Zaniba'),
(221, 'ZEN');

-- --------------------------------------------------------

--
-- Table structure for table `t009_location`
--

CREATE TABLE `t009_location` (
  `id` int(11) NOT NULL,
  `Location` varchar(100) NOT NULL
) ENGINE=InnoDB DEFAULT CHARSET=utf8mb4;

--
-- Dumping data for table `t009_location`
--

INSERT INTO `t009_location` (`id`, `Location`) VALUES
(1, 'A&G Executive Office - OR'),
(2, 'A&G Executive Office - GM'),
(3, 'A&G Executive Office - Secretary'),
(4, 'A&G BOH'),
(5, 'A&G Purchasing'),
(6, 'A&G IT'),
(7, 'A&G Server'),
(8, 'A&G GS'),
(9, 'A&G GS ATK'),
(10, 'A&G GS Groceries'),
(11, 'A&G Meeting Room BOH'),
(12, 'A&G Emergency Room'),
(13, 'A&G Other'),
(14, 'HRD Office'),
(15, 'HRD BOH Entrance Door'),
(16, 'HRD BOH Emergency Door'),
(17, 'HRD Loading Area Front of Receiving'),
(18, 'HRD Service Area Front of Stair'),
(19, 'HRD Service Area Front of Mushola'),
(20, 'HRD Service Area Front of Locker Room'),
(21, 'HRD Service Area Front of Clean Linen'),
(22, 'HRD Service Area Laundry Area'),
(23, 'HRD Parking Area (SD Panel Room SB)'),
(24, 'HRD Plant Room Generator Set Room'),
(25, 'HRD Server FO'),
(26, 'HRD Meeting Room Area Front of Kinarya 1'),
(27, 'HRD Lobby Area Next to Entrance Door'),
(28, 'HRD Lobby Area Concierge'),
(29, 'HRD Lobby Area Front of Guest Lift'),
(30, 'HRD Lobby Area In Front of SPA'),
(31, 'HRD Lobby Area Front of Bujana'),
(32, 'HRD Lobby Area Panel Room'),
(33, 'HRD Bujana Next to Emergency Door'),
(34, 'HRD Main Kitchen Next to Bujana door'),
(35, 'HRD Kundika Front of Stage '),
(36, 'HRD Kundika Kitchen Satelit'),
(37, 'HRD Ballroom Front of Lift'),
(38, 'HRD Ballroom Prefunction West Side'),
(39, 'HRD Ballroom Prefunction East Side'),
(40, 'HRD Ballroom Security Office'),
(41, 'HRD Front Of 206/208'),
(42, 'HRD Front Of 216/218'),
(43, 'HRD Front Of 207'),
(44, 'HRD Front Of 215'),
(45, 'HRD Front Of Guest Lift '),
(46, 'HRD Front Of 229'),
(47, 'HRD Front Of 260/262'),
(48, 'HRD Panel Room'),
(49, 'HRD Front Of 306/308'),
(50, 'HRD Front Of 316/318'),
(51, 'HRD Front Of 317'),
(52, 'HRD Front Of 315'),
(53, 'HRD Front Of 329'),
(54, 'HRD Front Of 360/362'),
(55, 'HRD Front Of 502/506'),
(56, 'HRD Front Of 510'),
(57, 'HRD Front Of 507'),
(58, 'HRD Front Of 515'),
(59, 'HRD Front Of Guest Lift'),
(60, 'HRD Front Of 529'),
(61, 'HRD Front Of 552/556'),
(62, 'HRD Front Of 601/603'),
(63, 'HRD Next To 617'),
(64, 'HRD Next To Guest Lift'),
(65, 'HRD Front Of 608/610'),
(66, 'HRD Belakang Pos Thamrin'),
(67, 'HRD Belakang Pos Mastrip'),
(68, 'HRD Car Park'),
(69, 'HRD Dekat Lift Tamu'),
(70, 'HRD Dekat Arah Spa'),
(71, 'HRD Depan Ruang Arkid Room'),
(72, 'HRD Depan Bujana'),
(73, 'HRD Depan Andrawina 1'),
(74, 'HRD Lantai 2 Bagian Barat '),
(75, 'HRD Lantai 2 Bagian Utara'),
(76, 'HRD Lantai 2 Bagian Selatan'),
(77, 'HRD Lantai 3 Bagian Barat '),
(78, 'HRD Lantai 3 Bagian Selatan'),
(79, 'HRD Lantai 5 Bagian Barat '),
(80, 'HRD Lantai 5 Bagian Utara'),
(81, 'HRD Lantai 5 Bagian Selatan'),
(82, 'HRD Lantai 6 Bagian Utara '),
(83, 'HRD Lantai 6 Bagian Barat'),
(84, 'HRD EDR'),
(85, 'HRD Canteen'),
(86, 'HRD Male Locker'),
(87, 'HRD Female Locker'),
(88, 'HRD Loading Dock'),
(89, 'HRD Basement '),
(90, 'HRD Office Security'),
(91, 'HRD Staff Corridor'),
(92, 'S&M Office'),
(93, 'FO Office'),
(94, 'FO Business Centre'),
(95, 'FO Lobby'),
(96, 'FO Concierge'),
(97, 'FO Bellboy Counter'),
(98, 'FO Park Area'),
(99, 'PMC Office'),
(100, 'PMC SPA Treatment '),
(101, 'PMC Executive Office - GM'),
(102, 'PMC Executive Office - OR'),
(103, 'PMC BOH Meeting Room'),
(104, 'PMC Executive Office - Secretary'),
(105, 'PMC GC Office'),
(106, 'PMC Wet Garbage Room'),
(107, 'PMC HRM Office'),
(108, 'PMC FC Office'),
(109, 'PMC BOH'),
(110, 'PMC DOS Office '),
(111, 'PMC FBM Office'),
(112, 'PMC Security Office'),
(113, 'PMC Chief Security Office'),
(114, 'PMC Purchasing '),
(115, 'PMC GS Groceries'),
(116, 'PMC Walk in Freezer '),
(117, 'PMC GS'),
(118, 'PMC HK Office'),
(119, 'PMC HK Storage'),
(120, 'PMC Staff Mushola'),
(121, 'PMC Staff Canteen'),
(122, 'PMC Male Locker '),
(123, 'PMC Female Locker'),
(124, 'PMC Engineering Office'),
(125, 'PMC Reflection'),
(126, 'PMC Fitness Center'),
(127, 'PMC SB Lift Area'),
(128, 'PMC Kinarya Meeting Room'),
(129, 'PMC Kinarya Prefunction'),
(130, 'PMC Bussiness Center'),
(131, 'PMC FO'),
(132, 'PMC Server'),
(133, 'PMC Luggage Storage'),
(134, 'PMC Lobby Area'),
(135, 'PMC Male Rest Room Lobby'),
(136, 'PMC Female Rest Room Lobby'),
(137, 'PMC Andrawina Corridor'),
(138, 'PMC Andrawina Foyer'),
(139, 'PMC Andrawina Prefunction'),
(140, 'PMC Andrawina Ballroom'),
(141, 'PMC Bujana Coffee Shop'),
(142, 'PMC Kundika Corridor'),
(143, 'PMC Kundika Lounge'),
(144, 'PMC Main Kitchen'),
(145, 'PMC Cold Kicthen '),
(146, 'PMC Butcher Room'),
(147, 'PMC Pastry Room'),
(148, 'PMC FB Kitchen Ofice'),
(149, 'PMC Genset Room'),
(150, 'PMC Panel Room'),
(151, 'PMC Trafo Room'),
(152, 'PMC Pump Room'),
(153, 'PMC WTP Area'),
(154, 'PMC SB Area'),
(155, 'PMC Drug Store'),
(156, 'PMC STP Area'),
(157, 'PMC Pool Area'),
(158, 'PMC Boster Pump Area'),
(159, 'PMC Heat Pump Area'),
(160, 'PMC Rooftop'),
(161, 'PMC Emergency Staircase'),
(162, 'PMC Each Corridor'),
(163, 'PMC Staff Area'),
(164, 'PMC Linen Room'),
(165, 'PMC Whole Area'),
(166, 'PMC Server Room'),
(167, 'PMC Concierge'),
(168, 'PMC Basemant'),
(169, 'PMC Basement'),
(170, 'PMC Andrawina Store'),
(171, 'PMC Toilet Driver'),
(172, 'PMC Room Hotel'),
(173, 'PMC Semi Basement'),
(174, 'PMC Pump Room Pool'),
(175, 'PMC Lantai 1'),
(176, 'PMC Lantai 2'),
(177, 'PMC Lantai 3'),
(178, 'PMC Lantai 5'),
(179, 'PMC Lantai 6'),
(180, 'PMC Kitchen Satelite'),
(181, 'PMC President Suite'),
(182, 'FB KITCHEN - Cold Room'),
(183, 'FB KITCHEN - In fronf of Pastry'),
(184, 'FB KITCHEN - Lobby'),
(185, 'FB KITCHEN - Pantry'),
(186, 'FB KITCHEN - Preparation Area'),
(187, 'FB KITCHEN - Receiving Area'),
(188, 'FB KITCHEN - Pastry & Bakery'),
(189, 'FB KITCHEN - Hot Kitchen'),
(190, 'FB KITCHEN - Cold Kitchen'),
(191, 'FB KITCHEN - Butcher Area'),
(192, 'FB KITCHEN - Bulk Kitchen Area'),
(193, 'FB KITCHEN - Pot Washing Area'),
(194, 'FB KITCHEN - Dishwashing Area'),
(195, 'FB KITCHEN - Kitchen Satelit'),
(196, 'FB KITCHEN - Main Kitchen'),
(197, 'FB SERVICE Office'),
(198, 'FB SERVICE Laundry'),
(199, 'FB SERVICE Bujana'),
(200, 'FB SERVICE Kundika '),
(201, 'FB SERVICE Kundika'),
(202, 'FB SERVICE Bujana & Kundika'),
(203, 'FB SERVICE Kinarya 1&2'),
(204, 'FB SERVICE Kinarya 3'),
(205, 'FB SERVICE Kinarya 1,2 & Kundika'),
(206, 'FB SERVICE Andrawina 1'),
(207, 'FB SERVICE Andrawina 3'),
(208, 'FB SERVICE Andrawina 3&2'),
(209, 'FB SERVICE Andrawina Store '),
(210, 'FB SERVICE Pantry '),
(211, 'FB SERVICE Bar'),
(212, 'FB SERVICE Banquet Store'),
(213, 'FB SERVICE Mastrip'),
(214, 'FB SERVICE PMC'),
(215, 'FB SERVICE Pastry Kitchen'),
(216, 'HK Office'),
(217, 'HK Storage'),
(218, 'HK Presiden Suite Room'),
(219, 'HK Room'),
(220, 'HK Suite Room'),
(221, 'HK Laundry'),
(222, 'HK Laundry & Room'),
(223, 'HK Fitness'),
(224, 'HK Pool Area'),
(225, 'HK - Canteen'),
(226, 'HK - All Area'),
(227, 'HK - All Floor');

-- --------------------------------------------------------

--
-- Table structure for table `t010_condition`
--

CREATE TABLE `t010_condition` (
  `id` int(11) NOT NULL,
  `Status` varchar(50) NOT NULL
) ENGINE=InnoDB DEFAULT CHARSET=utf8mb4;

--
-- Dumping data for table `t010_condition`
--

INSERT INTO `t010_condition` (`id`, `Status`) VALUES
(1, 'GOOD'),
(2, 'BREAKAGE'),
(3, 'LOST'),
(4, 'DISPOSAL');

-- --------------------------------------------------------

--
-- Table structure for table `t011_reason`
--

CREATE TABLE `t011_reason` (
  `id` int(11) NOT NULL,
  `Status` varchar(50) NOT NULL
) ENGINE=InnoDB DEFAULT CHARSET=utf8mb4;

--
-- Dumping data for table `t011_reason`
--

INSERT INTO `t011_reason` (`id`, `Status`) VALUES
(1, 'Obsolete'),
(2, 'Replaced by upgrade'),
(3, 'Surplus to requirements'),
(4, 'Theft');

-- --------------------------------------------------------

--
-- Table structure for table `t101_ho_head`
--

CREATE TABLE `t101_ho_head` (
  `id` int(11) NOT NULL,
  `property_id` int(11) NOT NULL,
  `TransactionNo` varchar(25) NOT NULL,
  `TransactionDate` date NOT NULL,
  `HandedOverTo` int(11) NOT NULL,
  `DepartmentTo` int(11) NOT NULL,
  `HandedOverBy` int(11) NOT NULL,
  `DepartmentBy` int(11) NOT NULL,
  `Sign1` int(11) NOT NULL,
  `Sign2` int(11) NOT NULL,
  `Sign3` int(11) NOT NULL,
  `Sign4` int(11) NOT NULL
) ENGINE=InnoDB DEFAULT CHARSET=utf8mb4;

--
-- Dumping data for table `t101_ho_head`
--

INSERT INTO `t101_ho_head` (`id`, `property_id`, `TransactionNo`, `TransactionDate`, `HandedOverTo`, `DepartmentTo`, `HandedOverBy`, `DepartmentBy`, `Sign1`, `Sign2`, `Sign3`, `Sign4`) VALUES
(1, 1, '0001', '2020-07-03', 1, 1, 1, 1, 1, 1, 1, 1);

-- --------------------------------------------------------

--
-- Table structure for table `t102_ho_detail`
--

CREATE TABLE `t102_ho_detail` (
  `id` int(11) NOT NULL,
  `hohead_id` int(11) NOT NULL,
  `asset_id` int(11) NOT NULL
) ENGINE=InnoDB DEFAULT CHARSET=utf8mb4;

--
-- Dumping data for table `t102_ho_detail`
--

INSERT INTO `t102_ho_detail` (`id`, `hohead_id`, `asset_id`) VALUES
(1, 1, 119);

-- --------------------------------------------------------

--
-- Table structure for table `t103_ho1_head`
--

CREATE TABLE `t103_ho1_head` (
  `id` int(11) NOT NULL,
  `ho_head` int(11) NOT NULL,
  `TransactionNo` varchar(25) NOT NULL,
  `TransactionDate` date NOT NULL,
  `TransactionType` tinyint(4) NOT NULL,
  `HandedOverTo` int(11) NOT NULL,
  `CodeNoTo` varchar(25) NOT NULL COMMENT 'code number to',
  `DepartmentTo` int(11) NOT NULL,
  `Sign1` int(11) NOT NULL,
  `Sign2` int(11) NOT NULL,
  `Sign3` int(11) NOT NULL,
  `Sign4` int(11) NOT NULL
) ENGINE=InnoDB DEFAULT CHARSET=utf8mb4;

-- --------------------------------------------------------

--
-- Table structure for table `t104_ho1_detail`
--

CREATE TABLE `t104_ho1_detail` (
  `id` int(11) NOT NULL,
  `hohead_id` int(11) NOT NULL,
  `asset_id` int(11) NOT NULL
) ENGINE=InnoDB DEFAULT CHARSET=utf8mb4;

-- --------------------------------------------------------

--
-- Table structure for table `t105_disposalhead`
--

CREATE TABLE `t105_disposalhead` (
  `id` int(11) NOT NULL,
  `property_id` int(11) NOT NULL,
  `TransactionNo` varchar(25) NOT NULL,
  `TransactionDate` date NOT NULL,
  `RecommendedBy` int(11) NOT NULL,
  `CE` int(11) NOT NULL,
  `ITM` int(11) NOT NULL,
  `Sign1` int(11) NOT NULL,
  `Sign2` int(11) NOT NULL,
  `Sign3` int(11) NOT NULL
) ENGINE=InnoDB DEFAULT CHARSET=utf8mb4;

--
-- Dumping data for table `t105_disposalhead`
--

INSERT INTO `t105_disposalhead` (`id`, `property_id`, `TransactionNo`, `TransactionDate`, `RecommendedBy`, `CE`, `ITM`, `Sign1`, `Sign2`, `Sign3`) VALUES
(1, 1, '0001', '2020-07-03', 5, 5, 1, 1, 9, 10);

-- --------------------------------------------------------

--
-- Table structure for table `t106_disposaldetail`
--

CREATE TABLE `t106_disposaldetail` (
  `id` int(11) NOT NULL,
  `disposalhead_id` int(11) NOT NULL,
  `asset_id` int(11) NOT NULL,
  `depreciation_id` int(11) NOT NULL,
  `disposaldate` date NOT NULL,
  `cond_id` int(11) NOT NULL,
  `reason_id` int(11) NOT NULL
) ENGINE=InnoDB DEFAULT CHARSET=utf8mb4;

--
-- Dumping data for table `t106_disposaldetail`
--

INSERT INTO `t106_disposaldetail` (`id`, `disposalhead_id`, `asset_id`, `depreciation_id`, `disposaldate`, `cond_id`, `reason_id`) VALUES
(1, 1, 1, 0, '2020-07-03', 1, 1);

-- --------------------------------------------------------

--
-- Table structure for table `t201_users`
--

CREATE TABLE `t201_users` (
  `EmployeeID` int(11) NOT NULL,
  `LastName` varchar(20) DEFAULT NULL,
  `FirstName` varchar(10) DEFAULT NULL,
  `Title` varchar(30) DEFAULT NULL,
  `TitleOfCourtesy` varchar(25) DEFAULT NULL,
  `BirthDate` datetime DEFAULT NULL,
  `HireDate` datetime DEFAULT NULL,
  `Address` varchar(60) DEFAULT NULL,
  `City` varchar(15) DEFAULT NULL,
  `Region` varchar(15) DEFAULT NULL,
  `PostalCode` varchar(10) DEFAULT NULL,
  `Country` varchar(15) DEFAULT NULL,
  `HomePhone` varchar(24) DEFAULT NULL,
  `Extension` varchar(4) DEFAULT NULL,
  `Email` varchar(30) DEFAULT NULL,
  `Photo` varchar(255) DEFAULT NULL,
  `Notes` longtext DEFAULT NULL,
  `ReportsTo` int(11) DEFAULT NULL,
  `Password` varchar(50) NOT NULL DEFAULT '',
  `UserLevel` int(11) DEFAULT NULL,
  `Username` varchar(20) NOT NULL DEFAULT '',
  `Activated` enum('Y','N') NOT NULL DEFAULT 'N',
  `Profile` longtext DEFAULT NULL,
  `sekolah_id` int(11) DEFAULT NULL,
  `tahunajaran_id` int(11) DEFAULT NULL,
  `kelas_id` int(11) DEFAULT NULL,
  `semester_id` int(11) DEFAULT NULL
) ENGINE=MyISAM DEFAULT CHARSET=utf8;

--
-- Dumping data for table `t201_users`
--

INSERT INTO `t201_users` (`EmployeeID`, `LastName`, `FirstName`, `Title`, `TitleOfCourtesy`, `BirthDate`, `HireDate`, `Address`, `City`, `Region`, `PostalCode`, `Country`, `HomePhone`, `Extension`, `Email`, `Photo`, `Notes`, `ReportsTo`, `Password`, `UserLevel`, `Username`, `Activated`, `Profile`, `sekolah_id`, `tahunajaran_id`, `kelas_id`, `semester_id`) VALUES
(4, NULL, NULL, NULL, NULL, NULL, NULL, NULL, NULL, NULL, NULL, NULL, NULL, NULL, NULL, NULL, NULL, NULL, '21232f297a57a5a743894a0e4a801fc3', -1, 'admin', 'Y', NULL, NULL, NULL, NULL, NULL);

-- --------------------------------------------------------

--
-- Table structure for table `t202_userlevels`
--

CREATE TABLE `t202_userlevels` (
  `userlevelid` int(11) NOT NULL,
  `userlevelname` varchar(255) NOT NULL
) ENGINE=InnoDB DEFAULT CHARSET=utf8;

--
-- Dumping data for table `t202_userlevels`
--

INSERT INTO `t202_userlevels` (`userlevelid`, `userlevelname`) VALUES
(-2, 'Anonymous'),
(-1, 'Administrator'),
(0, 'Default');

-- --------------------------------------------------------

--
-- Table structure for table `t203_userlevelpermissions`
--

CREATE TABLE `t203_userlevelpermissions` (
  `userlevelid` int(11) NOT NULL,
  `tablename` varchar(255) NOT NULL,
  `permission` int(11) NOT NULL
) ENGINE=InnoDB DEFAULT CHARSET=utf8;

--
-- Dumping data for table `t203_userlevelpermissions`
--

INSERT INTO `t203_userlevelpermissions` (`userlevelid`, `tablename`, `permission`) VALUES
(-2, '{E1C6E322-15B9-474C-85CF-A99378A9BC2B}c101_ho.php', 0),
(-2, '{E1C6E322-15B9-474C-85CF-A99378A9BC2B}c101_ho_2.php', 0),
(-2, '{E1C6E322-15B9-474C-85CF-A99378A9BC2B}c9.php', 0),
(-2, '{E1C6E322-15B9-474C-85CF-A99378A9BC2B}d301_home', 72),
(-2, '{E1C6E322-15B9-474C-85CF-A99378A9BC2B}Dashboard1', 72),
(-2, '{E1C6E322-15B9-474C-85CF-A99378A9BC2B}r001_asset', 72),
(-2, '{E1C6E322-15B9-474C-85CF-A99378A9BC2B}r004_assetglobal', 72),
(-2, '{E1C6E322-15B9-474C-85CF-A99378A9BC2B}t001_property', 0),
(-2, '{E1C6E322-15B9-474C-85CF-A99378A9BC2B}t002_department', 0),
(-2, '{E1C6E322-15B9-474C-85CF-A99378A9BC2B}t003_signature', 0),
(-2, '{E1C6E322-15B9-474C-85CF-A99378A9BC2B}t004_asset', 0),
(-2, '{E1C6E322-15B9-474C-85CF-A99378A9BC2B}t005_assetgroup', 0),
(-2, '{E1C6E322-15B9-474C-85CF-A99378A9BC2B}t006_assetdepreciation', 0),
(-2, '{E1C6E322-15B9-474C-85CF-A99378A9BC2B}t007_assettype', 0),
(-2, '{E1C6E322-15B9-474C-85CF-A99378A9BC2B}t008_brand', 0),
(-2, '{E1C6E322-15B9-474C-85CF-A99378A9BC2B}t009_location', 0),
(-2, '{E1C6E322-15B9-474C-85CF-A99378A9BC2B}t010_condition', 0),
(-2, '{E1C6E322-15B9-474C-85CF-A99378A9BC2B}t101_ho_head', 0),
(-2, '{E1C6E322-15B9-474C-85CF-A99378A9BC2B}t102_ho_detail', 0),
(-2, '{E1C6E322-15B9-474C-85CF-A99378A9BC2B}t103_ho1_head', 0),
(-2, '{E1C6E322-15B9-474C-85CF-A99378A9BC2B}t103_opname', 0),
(-2, '{E1C6E322-15B9-474C-85CF-A99378A9BC2B}t104_ho1_detail', 0),
(-2, '{E1C6E322-15B9-474C-85CF-A99378A9BC2B}t105_disposalhead', 0),
(-2, '{E1C6E322-15B9-474C-85CF-A99378A9BC2B}t201_users', 0),
(-2, '{E1C6E322-15B9-474C-85CF-A99378A9BC2B}t202_userlevels', 0),
(-2, '{E1C6E322-15B9-474C-85CF-A99378A9BC2B}t203_userlevelpermissions', 0),
(-2, '{E1C6E322-15B9-474C-85CF-A99378A9BC2B}t204_audittrail', 0),
(-2, '{E1C6E322-15B9-474C-85CF-A99378A9BC2B}t205_parameter', 0),
(-2, '{E1C6E322-15B9-474C-85CF-A99378A9BC2B}v101_ho', 0),
(-2, '{E1C6E322-15B9-474C-85CF-A99378A9BC2B}v101_ho_2', 0),
(-2, '{E1C6E322-15B9-474C-85CF-A99378A9BC2B}v104_assetglobal', 0),
(0, '{E1C6E322-15B9-474C-85CF-A99378A9BC2B}c101_ho.php', 0),
(0, '{E1C6E322-15B9-474C-85CF-A99378A9BC2B}c101_ho_2.php', 0),
(0, '{E1C6E322-15B9-474C-85CF-A99378A9BC2B}c9.php', 0),
(0, '{E1C6E322-15B9-474C-85CF-A99378A9BC2B}d301_home', 0),
(0, '{E1C6E322-15B9-474C-85CF-A99378A9BC2B}Dashboard1', 0),
(0, '{E1C6E322-15B9-474C-85CF-A99378A9BC2B}r001_asset', 0),
(0, '{E1C6E322-15B9-474C-85CF-A99378A9BC2B}r004_assetglobal', 0),
(0, '{E1C6E322-15B9-474C-85CF-A99378A9BC2B}t001_property', 0),
(0, '{E1C6E322-15B9-474C-85CF-A99378A9BC2B}t002_department', 0),
(0, '{E1C6E322-15B9-474C-85CF-A99378A9BC2B}t003_signature', 0),
(0, '{E1C6E322-15B9-474C-85CF-A99378A9BC2B}t004_asset', 0),
(0, '{E1C6E322-15B9-474C-85CF-A99378A9BC2B}t005_assetgroup', 0),
(0, '{E1C6E322-15B9-474C-85CF-A99378A9BC2B}t006_assetdepreciation', 0),
(0, '{E1C6E322-15B9-474C-85CF-A99378A9BC2B}t007_assettype', 0),
(0, '{E1C6E322-15B9-474C-85CF-A99378A9BC2B}t008_brand', 0),
(0, '{E1C6E322-15B9-474C-85CF-A99378A9BC2B}t009_location', 0),
(0, '{E1C6E322-15B9-474C-85CF-A99378A9BC2B}t010_condition', 0),
(0, '{E1C6E322-15B9-474C-85CF-A99378A9BC2B}t101_ho_head', 0),
(0, '{E1C6E322-15B9-474C-85CF-A99378A9BC2B}t102_ho_detail', 0),
(0, '{E1C6E322-15B9-474C-85CF-A99378A9BC2B}t103_ho1_head', 0),
(0, '{E1C6E322-15B9-474C-85CF-A99378A9BC2B}t103_opname', 0),
(0, '{E1C6E322-15B9-474C-85CF-A99378A9BC2B}t104_ho1_detail', 0),
(0, '{E1C6E322-15B9-474C-85CF-A99378A9BC2B}t105_disposalhead', 0),
(0, '{E1C6E322-15B9-474C-85CF-A99378A9BC2B}t201_users', 0),
(0, '{E1C6E322-15B9-474C-85CF-A99378A9BC2B}t202_userlevels', 0),
(0, '{E1C6E322-15B9-474C-85CF-A99378A9BC2B}t203_userlevelpermissions', 0),
(0, '{E1C6E322-15B9-474C-85CF-A99378A9BC2B}t204_audittrail', 0),
(0, '{E1C6E322-15B9-474C-85CF-A99378A9BC2B}t205_parameter', 0),
(0, '{E1C6E322-15B9-474C-85CF-A99378A9BC2B}v101_ho', 0),
(0, '{E1C6E322-15B9-474C-85CF-A99378A9BC2B}v101_ho_2', 0),
(0, '{E1C6E322-15B9-474C-85CF-A99378A9BC2B}v104_assetglobal', 0);

-- --------------------------------------------------------

--
-- Table structure for table `t204_audittrail`
--

CREATE TABLE `t204_audittrail` (
  `id` int(11) NOT NULL,
  `datetime` datetime NOT NULL,
  `script` varchar(80) DEFAULT NULL,
  `user` varchar(80) DEFAULT NULL,
  `action` varchar(80) DEFAULT NULL,
  `table` varchar(80) DEFAULT NULL,
  `field` varchar(80) DEFAULT NULL,
  `keyvalue` longtext DEFAULT NULL,
  `oldvalue` longtext DEFAULT NULL,
  `newvalue` longtext DEFAULT NULL
) ENGINE=InnoDB DEFAULT CHARSET=utf8mb4;

--
-- Dumping data for table `t204_audittrail`
--

INSERT INTO `t204_audittrail` (`id`, `datetime`, `script`, `user`, `action`, `table`, `field`, `keyvalue`, `oldvalue`, `newvalue`) VALUES
(1, '2020-07-02 21:44:43', '/simasset1/login.php', 'admin', 'login', '::1', '', '', '', ''),
(2, '2020-07-02 23:38:13', '/simasset1/t004_assetedit.php', '4', 'U', 't004_asset', 'Remarks', '1', '', NULL),
(3, '2020-07-02 23:38:13', '/simasset1/t004_assetedit.php', '4', 'U', 't004_asset', 'PeriodBegin', '1', '0000-00-00', '2013-10-31'),
(4, '2020-07-02 23:38:13', '/simasset1/t004_assetedit.php', '4', 'U', 't004_asset', 'PeriodEnd', '1', '0000-00-00', '2017-09-30'),
(5, '2020-07-02 23:39:25', '/simasset1/t004_assetedit.php', '4', 'U', 't004_asset', 'ProcurementCurrentCost', '1', '0.00', '1500000'),
(6, '2020-07-03 01:31:46', '/simasset1/t101_ho_headadd.php', '4', 'A', 't101_ho_head', 'property_id', '1', '', '1'),
(7, '2020-07-03 01:31:46', '/simasset1/t101_ho_headadd.php', '4', 'A', 't101_ho_head', 'TransactionNo', '1', '', '0001'),
(8, '2020-07-03 01:31:46', '/simasset1/t101_ho_headadd.php', '4', 'A', 't101_ho_head', 'TransactionDate', '1', '', '2020-07-03'),
(9, '2020-07-03 01:31:46', '/simasset1/t101_ho_headadd.php', '4', 'A', 't101_ho_head', 'HandedOverTo', '1', '', '1'),
(10, '2020-07-03 01:31:46', '/simasset1/t101_ho_headadd.php', '4', 'A', 't101_ho_head', 'DepartmentTo', '1', '', '1'),
(11, '2020-07-03 01:31:46', '/simasset1/t101_ho_headadd.php', '4', 'A', 't101_ho_head', 'HandedOverBy', '1', '', '1'),
(12, '2020-07-03 01:31:46', '/simasset1/t101_ho_headadd.php', '4', 'A', 't101_ho_head', 'DepartmentBy', '1', '', '1'),
(13, '2020-07-03 01:31:46', '/simasset1/t101_ho_headadd.php', '4', 'A', 't101_ho_head', 'Sign1', '1', '', '1'),
(14, '2020-07-03 01:31:46', '/simasset1/t101_ho_headadd.php', '4', 'A', 't101_ho_head', 'Sign2', '1', '', '1'),
(15, '2020-07-03 01:31:46', '/simasset1/t101_ho_headadd.php', '4', 'A', 't101_ho_head', 'Sign3', '1', '', '1'),
(16, '2020-07-03 01:31:46', '/simasset1/t101_ho_headadd.php', '4', 'A', 't101_ho_head', 'Sign4', '1', '', '1'),
(17, '2020-07-03 01:31:46', '/simasset1/t101_ho_headadd.php', '4', 'A', 't101_ho_head', 'id', '1', '', '1'),
(18, '2020-07-03 01:31:46', '/simasset1/t101_ho_headadd.php', '4', '*** Batch insert begin ***', 't102_ho_detail', '', '', '', ''),
(19, '2020-07-03 01:31:46', '/simasset1/t101_ho_headadd.php', '4', 'A', 't102_ho_detail', 'asset_id', '1', '', '119'),
(20, '2020-07-03 01:31:46', '/simasset1/t101_ho_headadd.php', '4', 'A', 't102_ho_detail', 'hohead_id', '1', '', '1'),
(21, '2020-07-03 01:31:46', '/simasset1/t101_ho_headadd.php', '4', 'A', 't102_ho_detail', 'id', '1', '', '1'),
(22, '2020-07-03 01:31:46', '/simasset1/t101_ho_headadd.php', '4', '*** Batch insert successful ***', 't102_ho_detail', '', '', '', ''),
(23, '2020-07-03 04:23:32', '/simasset1/login.php', 'admin', 'login', '::1', '', '', '', ''),
(24, '2020-07-03 04:24:10', '/simasset1/logout.php', 'admin', 'logout', '::1', '', '', '', ''),
(25, '2020-07-03 04:24:26', '/simasset1/login.php', 'admin', 'login', '::1', '', '', '', ''),
(26, '2020-07-03 04:28:35', '/simasset1/logout.php', 'admin', 'logout', '::1', '', '', '', ''),
(27, '2020-07-03 04:28:55', '/simasset1/login.php', 'admin', 'login', '::1', '', '', '', ''),
(28, '2020-07-03 04:30:23', '/simasset1/logout.php', 'admin', 'logout', '::1', '', '', '', ''),
(29, '2020-07-03 04:30:39', '/simasset1/login.php', 'admin', 'login', '::1', '', '', '', ''),
(30, '2020-07-03 04:38:15', '/simasset1/logout.php', 'admin', 'logout', '::1', '', '', '', ''),
(31, '2020-07-03 04:54:47', '/simasset1/login.php', 'admin', 'login', '::1', '', '', '', ''),
(32, '2020-07-03 04:56:47', '/simasset1/logout.php', 'admin', 'logout', '::1', '', '', '', ''),
(33, '2020-07-03 05:02:13', '/simasset1/login.php', 'admin', 'login', '::1', '', '', '', ''),
(34, '2020-07-03 05:02:20', '/simasset1/logout.php', 'admin', 'logout', '::1', '', '', '', ''),
(35, '2020-07-03 05:12:47', '/simasset1/login.php', 'admin', 'login', '::1', '', '', '', ''),
(36, '2020-07-03 05:13:31', '/simasset1/logout.php', 'admin', 'logout', '::1', '', '', '', ''),
(37, '2020-07-03 05:13:55', '/simasset1/login.php', 'admin', 'login', '::1', '', '', '', ''),
(38, '2020-07-03 05:15:08', '/simasset1/logout.php', 'admin', 'logout', '::1', '', '', '', ''),
(39, '2020-07-03 05:15:24', '/simasset1/login.php', 'admin', 'login', '::1', '', '', '', ''),
(40, '2020-07-03 05:52:28', '/simasset1/t011_reasonlist.php', '4', '*** Batch insert begin ***', 't011_reason', '', '', '', ''),
(41, '2020-07-03 05:52:28', '/simasset1/t011_reasonlist.php', '4', 'A', 't011_reason', 'Status', '1', '', 'OBSOLETE'),
(42, '2020-07-03 05:52:28', '/simasset1/t011_reasonlist.php', '4', 'A', 't011_reason', 'id', '1', '', '1'),
(43, '2020-07-03 05:52:28', '/simasset1/t011_reasonlist.php', '4', 'A', 't011_reason', 'Status', '2', '', 'Replaced by upgrade'),
(44, '2020-07-03 05:52:28', '/simasset1/t011_reasonlist.php', '4', 'A', 't011_reason', 'id', '2', '', '2'),
(45, '2020-07-03 05:52:28', '/simasset1/t011_reasonlist.php', '4', 'A', 't011_reason', 'Status', '3', '', 'Surplus to requirements'),
(46, '2020-07-03 05:52:28', '/simasset1/t011_reasonlist.php', '4', 'A', 't011_reason', 'id', '3', '', '3'),
(47, '2020-07-03 05:52:28', '/simasset1/t011_reasonlist.php', '4', 'A', 't011_reason', 'Status', '4', '', 'Theft'),
(48, '2020-07-03 05:52:28', '/simasset1/t011_reasonlist.php', '4', 'A', 't011_reason', 'id', '4', '', '4'),
(49, '2020-07-03 05:52:28', '/simasset1/t011_reasonlist.php', '4', '*** Batch insert successful ***', 't011_reason', '', '', '', ''),
(50, '2020-07-03 05:52:45', '/simasset1/t011_reasonlist.php', '4', '*** Batch update begin ***', 't011_reason', '', '', '', ''),
(51, '2020-07-03 05:52:45', '/simasset1/t011_reasonlist.php', '4', 'U', 't011_reason', 'Status', '1', 'OBSOLETE', 'Obsolete'),
(52, '2020-07-03 05:52:45', '/simasset1/t011_reasonlist.php', '4', '*** Batch update successful ***', 't011_reason', '', '', '', ''),
(53, '2020-07-03 06:09:57', '/simasset1/t003_signaturelist.php', '4', '*** Batch update begin ***', 't003_signature', '', '', '', ''),
(54, '2020-07-03 06:09:57', '/simasset1/t003_signaturelist.php', '4', 'U', 't003_signature', 'JobTitle', '1', '-', 'Finance Controller'),
(55, '2020-07-03 06:09:57', '/simasset1/t003_signaturelist.php', '4', 'U', 't003_signature', 'JobTitle', '2', '-', 'Human Resources Coordinator'),
(56, '2020-07-03 06:09:57', '/simasset1/t003_signaturelist.php', '4', 'U', 't003_signature', 'JobTitle', '3', '-', 'Senior Sales Executice'),
(57, '2020-07-03 06:09:57', '/simasset1/t003_signaturelist.php', '4', 'U', 't003_signature', 'JobTitle', '4', '-', 'Front Office Manager'),
(58, '2020-07-03 06:09:57', '/simasset1/t003_signaturelist.php', '4', 'U', 't003_signature', 'JobTitle', '5', '-', 'Chief Engineer'),
(59, '2020-07-03 06:09:57', '/simasset1/t003_signaturelist.php', '4', 'U', 't003_signature', 'JobTitle', '6', '-', 'Senior Sous Chef'),
(60, '2020-07-03 06:09:57', '/simasset1/t003_signaturelist.php', '4', 'U', 't003_signature', 'JobTitle', '7', '-', 'Food &amp; Beverage Manager'),
(61, '2020-07-03 06:09:57', '/simasset1/t003_signaturelist.php', '4', 'U', 't003_signature', 'JobTitle', '8', '-', 'Executive Housekeeper'),
(62, '2020-07-03 06:09:57', '/simasset1/t003_signaturelist.php', '4', 'A', 't003_signature', 'Signature', '9', '', 'General Manager'),
(63, '2020-07-03 06:09:57', '/simasset1/t003_signaturelist.php', '4', 'A', 't003_signature', 'JobTitle', '9', '', 'General Manager'),
(64, '2020-07-03 06:09:57', '/simasset1/t003_signaturelist.php', '4', 'A', 't003_signature', 'id', '9', '', '9'),
(65, '2020-07-03 06:09:57', '/simasset1/t003_signaturelist.php', '4', 'A', 't003_signature', 'Signature', '10', '', 'Owner'),
(66, '2020-07-03 06:09:57', '/simasset1/t003_signaturelist.php', '4', 'A', 't003_signature', 'JobTitle', '10', '', 'Owner'),
(67, '2020-07-03 06:09:57', '/simasset1/t003_signaturelist.php', '4', 'A', 't003_signature', 'id', '10', '', '10'),
(68, '2020-07-03 06:09:57', '/simasset1/t003_signaturelist.php', '4', '*** Batch update successful ***', 't003_signature', '', '', '', ''),
(69, '2020-07-03 06:11:11', '/simasset1/t105_disposalheadadd.php', '4', 'A', 't105_disposalhead', 'property_id', '1', '', '1'),
(70, '2020-07-03 06:11:11', '/simasset1/t105_disposalheadadd.php', '4', 'A', 't105_disposalhead', 'TransactionNo', '1', '', '0001'),
(71, '2020-07-03 06:11:11', '/simasset1/t105_disposalheadadd.php', '4', 'A', 't105_disposalhead', 'TransactionDate', '1', '', '2020-07-03'),
(72, '2020-07-03 06:11:11', '/simasset1/t105_disposalheadadd.php', '4', 'A', 't105_disposalhead', 'RecommendedBy', '1', '', '5'),
(73, '2020-07-03 06:11:11', '/simasset1/t105_disposalheadadd.php', '4', 'A', 't105_disposalhead', 'CE', '1', '', '5'),
(74, '2020-07-03 06:11:11', '/simasset1/t105_disposalheadadd.php', '4', 'A', 't105_disposalhead', 'ITM', '1', '', '1'),
(75, '2020-07-03 06:11:11', '/simasset1/t105_disposalheadadd.php', '4', 'A', 't105_disposalhead', 'Sign1', '1', '', '1'),
(76, '2020-07-03 06:11:11', '/simasset1/t105_disposalheadadd.php', '4', 'A', 't105_disposalhead', 'Sign2', '1', '', '9'),
(77, '2020-07-03 06:11:11', '/simasset1/t105_disposalheadadd.php', '4', 'A', 't105_disposalhead', 'Sign3', '1', '', '10'),
(78, '2020-07-03 06:11:11', '/simasset1/t105_disposalheadadd.php', '4', 'A', 't105_disposalhead', 'id', '1', '', '1'),
(79, '2020-07-03 06:11:12', '/simasset1/t105_disposalheadadd.php', '4', '*** Batch insert begin ***', 't106_disposaldetail', '', '', '', ''),
(80, '2020-07-03 06:11:12', '/simasset1/t105_disposalheadadd.php', '4', 'A', 't106_disposaldetail', 'disposalhead_id', '1', '', '1'),
(81, '2020-07-03 06:11:12', '/simasset1/t105_disposalheadadd.php', '4', 'A', 't106_disposaldetail', 'asset_id', '1', '', '1'),
(82, '2020-07-03 06:11:12', '/simasset1/t105_disposalheadadd.php', '4', 'A', 't106_disposaldetail', 'cond_id', '1', '', '1'),
(83, '2020-07-03 06:11:12', '/simasset1/t105_disposalheadadd.php', '4', 'A', 't106_disposaldetail', 'reason_id', '1', '', '1'),
(84, '2020-07-03 06:11:12', '/simasset1/t105_disposalheadadd.php', '4', 'A', 't106_disposaldetail', 'id', '1', '', '1'),
(85, '2020-07-03 06:11:12', '/simasset1/t105_disposalheadadd.php', '4', '*** Batch insert successful ***', 't106_disposaldetail', '', '', '', ''),
(86, '2020-07-03 07:17:28', '/simasset1/t001_propertylist.php', '4', '*** Batch update begin ***', 't001_property', '', '', '', ''),
(87, '2020-07-03 07:17:28', '/simasset1/t001_propertylist.php', '4', 'U', 't001_property', 'TemplateFile2', '1', '', 'ASSET DISPOSAL ABCH FORM - Revisi'),
(88, '2020-07-03 07:17:28', '/simasset1/t001_propertylist.php', '4', 'U', 't001_property', 'TemplateFile2', '2', '', 'ASSET DISPOSAL FSB FORM - Revisi'),
(89, '2020-07-03 07:17:28', '/simasset1/t001_propertylist.php', '4', 'U', 't001_property', 'TemplateFile2', '3', '', 's'),
(90, '2020-07-03 07:17:28', '/simasset1/t001_propertylist.php', '4', '*** Batch update successful ***', 't001_property', '', '', '', ''),
(91, '2020-07-03 08:32:21', '/simasset1/t003_signaturelist.php', '4', '*** Batch update begin ***', 't003_signature', '', '', '', ''),
(92, '2020-07-03 08:32:21', '/simasset1/t003_signaturelist.php', '4', 'U', 't003_signature', 'JobTitle', '1', 'Finance Controller', 'Finance Controllerx'),
(93, '2020-07-03 08:32:21', '/simasset1/t003_signaturelist.php', '4', '*** Batch update successful ***', 't003_signature', '', '', '', ''),
(94, '2020-07-03 08:33:42', '/simasset1/t003_signatureedit.php', '4', 'U', 't003_signature', 'JobTitle', '1', 'Finance Controllerx', 'Finance Controller'),
(95, '2020-07-03 09:10:20', '/simasset1/t004_assetedit.php', '4', 'U', 't004_asset', 'ProcurementDate', '1', '2013-10-01', '2018-10-01'),
(96, '2020-07-03 09:10:20', '/simasset1/t004_assetedit.php', '4', 'U', 't004_asset', 'Code', '1', 'AK101113000001', 'AK101118000001'),
(97, '2020-07-03 09:10:20', '/simasset1/t004_assetedit.php', '4', 'U', 't004_asset', 'PeriodBegin', '1', '2013-10-31', '2018-10-31'),
(98, '2020-07-03 09:10:20', '/simasset1/t004_assetedit.php', '4', 'U', 't004_asset', 'PeriodEnd', '1', '2017-09-30', '2022-09-30'),
(99, '2020-07-03 09:41:12', '/simasset1/t105_disposalheadedit.php', '4', '*** Batch update begin ***', 't106_disposaldetail', '', '', '', ''),
(100, '2020-07-03 09:41:12', '/simasset1/t105_disposalheadedit.php', '4', 'U', 't106_disposaldetail', 'disposaldate', '1', '0000-00-00', '2020-07-03'),
(101, '2020-07-03 09:41:12', '/simasset1/t105_disposalheadedit.php', '4', '*** Batch update successful ***', 't106_disposaldetail', '', '', '', '');

-- --------------------------------------------------------

--
-- Table structure for table `t205_parameter`
--

CREATE TABLE `t205_parameter` (
  `id` int(11) NOT NULL,
  `Category` varchar(100) NOT NULL,
  `Parameter` varchar(100) NOT NULL,
  `Nilai` varchar(100) NOT NULL
) ENGINE=InnoDB DEFAULT CHARSET=utf8mb4;

--
-- Indexes for dumped tables
--

--
-- Indexes for table `t001_property`
--
ALTER TABLE `t001_property`
  ADD PRIMARY KEY (`id`);

--
-- Indexes for table `t002_department`
--
ALTER TABLE `t002_department`
  ADD PRIMARY KEY (`id`);

--
-- Indexes for table `t003_signature`
--
ALTER TABLE `t003_signature`
  ADD PRIMARY KEY (`id`);

--
-- Indexes for table `t004_asset`
--
ALTER TABLE `t004_asset`
  ADD PRIMARY KEY (`id`);

--
-- Indexes for table `t005_assetgroup`
--
ALTER TABLE `t005_assetgroup`
  ADD PRIMARY KEY (`id`);

--
-- Indexes for table `t006_assetdepreciation`
--
ALTER TABLE `t006_assetdepreciation`
  ADD PRIMARY KEY (`id`);

--
-- Indexes for table `t007_assettype`
--
ALTER TABLE `t007_assettype`
  ADD PRIMARY KEY (`id`);

--
-- Indexes for table `t008_brand`
--
ALTER TABLE `t008_brand`
  ADD PRIMARY KEY (`id`);

--
-- Indexes for table `t009_location`
--
ALTER TABLE `t009_location`
  ADD PRIMARY KEY (`id`);

--
-- Indexes for table `t010_condition`
--
ALTER TABLE `t010_condition`
  ADD PRIMARY KEY (`id`);

--
-- Indexes for table `t011_reason`
--
ALTER TABLE `t011_reason`
  ADD PRIMARY KEY (`id`);

--
-- Indexes for table `t101_ho_head`
--
ALTER TABLE `t101_ho_head`
  ADD PRIMARY KEY (`id`);

--
-- Indexes for table `t102_ho_detail`
--
ALTER TABLE `t102_ho_detail`
  ADD PRIMARY KEY (`id`);

--
-- Indexes for table `t103_ho1_head`
--
ALTER TABLE `t103_ho1_head`
  ADD PRIMARY KEY (`id`);

--
-- Indexes for table `t104_ho1_detail`
--
ALTER TABLE `t104_ho1_detail`
  ADD PRIMARY KEY (`id`);

--
-- Indexes for table `t105_disposalhead`
--
ALTER TABLE `t105_disposalhead`
  ADD PRIMARY KEY (`id`);

--
-- Indexes for table `t106_disposaldetail`
--
ALTER TABLE `t106_disposaldetail`
  ADD PRIMARY KEY (`id`);

--
-- Indexes for table `t201_users`
--
ALTER TABLE `t201_users`
  ADD PRIMARY KEY (`EmployeeID`),
  ADD UNIQUE KEY `Username` (`Username`);

--
-- Indexes for table `t202_userlevels`
--
ALTER TABLE `t202_userlevels`
  ADD PRIMARY KEY (`userlevelid`);

--
-- Indexes for table `t203_userlevelpermissions`
--
ALTER TABLE `t203_userlevelpermissions`
  ADD PRIMARY KEY (`userlevelid`,`tablename`);

--
-- Indexes for table `t204_audittrail`
--
ALTER TABLE `t204_audittrail`
  ADD PRIMARY KEY (`id`);

--
-- Indexes for table `t205_parameter`
--
ALTER TABLE `t205_parameter`
  ADD PRIMARY KEY (`id`);

--
-- AUTO_INCREMENT for dumped tables
--

--
-- AUTO_INCREMENT for table `t001_property`
--
ALTER TABLE `t001_property`
  MODIFY `id` int(11) NOT NULL AUTO_INCREMENT, AUTO_INCREMENT=4;

--
-- AUTO_INCREMENT for table `t002_department`
--
ALTER TABLE `t002_department`
  MODIFY `id` int(11) NOT NULL AUTO_INCREMENT, AUTO_INCREMENT=9;

--
-- AUTO_INCREMENT for table `t003_signature`
--
ALTER TABLE `t003_signature`
  MODIFY `id` int(11) NOT NULL AUTO_INCREMENT, AUTO_INCREMENT=11;

--
-- AUTO_INCREMENT for table `t004_asset`
--
ALTER TABLE `t004_asset`
  MODIFY `id` int(11) NOT NULL AUTO_INCREMENT, AUTO_INCREMENT=1186;

--
-- AUTO_INCREMENT for table `t005_assetgroup`
--
ALTER TABLE `t005_assetgroup`
  MODIFY `id` int(11) NOT NULL AUTO_INCREMENT, AUTO_INCREMENT=4;

--
-- AUTO_INCREMENT for table `t006_assetdepreciation`
--
ALTER TABLE `t006_assetdepreciation`
  MODIFY `id` int(11) NOT NULL AUTO_INCREMENT, AUTO_INCREMENT=16;

--
-- AUTO_INCREMENT for table `t007_assettype`
--
ALTER TABLE `t007_assettype`
  MODIFY `id` int(11) NOT NULL AUTO_INCREMENT, AUTO_INCREMENT=17;

--
-- AUTO_INCREMENT for table `t008_brand`
--
ALTER TABLE `t008_brand`
  MODIFY `id` int(11) NOT NULL AUTO_INCREMENT, AUTO_INCREMENT=222;

--
-- AUTO_INCREMENT for table `t009_location`
--
ALTER TABLE `t009_location`
  MODIFY `id` int(11) NOT NULL AUTO_INCREMENT, AUTO_INCREMENT=228;

--
-- AUTO_INCREMENT for table `t010_condition`
--
ALTER TABLE `t010_condition`
  MODIFY `id` int(11) NOT NULL AUTO_INCREMENT, AUTO_INCREMENT=5;

--
-- AUTO_INCREMENT for table `t011_reason`
--
ALTER TABLE `t011_reason`
  MODIFY `id` int(11) NOT NULL AUTO_INCREMENT, AUTO_INCREMENT=5;

--
-- AUTO_INCREMENT for table `t101_ho_head`
--
ALTER TABLE `t101_ho_head`
  MODIFY `id` int(11) NOT NULL AUTO_INCREMENT, AUTO_INCREMENT=2;

--
-- AUTO_INCREMENT for table `t102_ho_detail`
--
ALTER TABLE `t102_ho_detail`
  MODIFY `id` int(11) NOT NULL AUTO_INCREMENT, AUTO_INCREMENT=2;

--
-- AUTO_INCREMENT for table `t103_ho1_head`
--
ALTER TABLE `t103_ho1_head`
  MODIFY `id` int(11) NOT NULL AUTO_INCREMENT;

--
-- AUTO_INCREMENT for table `t104_ho1_detail`
--
ALTER TABLE `t104_ho1_detail`
  MODIFY `id` int(11) NOT NULL AUTO_INCREMENT;

--
-- AUTO_INCREMENT for table `t105_disposalhead`
--
ALTER TABLE `t105_disposalhead`
  MODIFY `id` int(11) NOT NULL AUTO_INCREMENT, AUTO_INCREMENT=2;

--
-- AUTO_INCREMENT for table `t106_disposaldetail`
--
ALTER TABLE `t106_disposaldetail`
  MODIFY `id` int(11) NOT NULL AUTO_INCREMENT, AUTO_INCREMENT=2;

--
-- AUTO_INCREMENT for table `t201_users`
--
ALTER TABLE `t201_users`
  MODIFY `EmployeeID` int(11) NOT NULL AUTO_INCREMENT, AUTO_INCREMENT=5;

--
-- AUTO_INCREMENT for table `t204_audittrail`
--
ALTER TABLE `t204_audittrail`
  MODIFY `id` int(11) NOT NULL AUTO_INCREMENT, AUTO_INCREMENT=102;

--
-- AUTO_INCREMENT for table `t205_parameter`
--
ALTER TABLE `t205_parameter`
  MODIFY `id` int(11) NOT NULL AUTO_INCREMENT, AUTO_INCREMENT=2;
COMMIT;

/*!40101 SET CHARACTER_SET_CLIENT=@OLD_CHARACTER_SET_CLIENT */;
/*!40101 SET CHARACTER_SET_RESULTS=@OLD_CHARACTER_SET_RESULTS */;
/*!40101 SET COLLATION_CONNECTION=@OLD_COLLATION_CONNECTION */;
